row.id,lm,description,side,Region,Bone,NF,NFB,TissueOrigin
1,1,Nasal_anterior_midline,left,1,1,1,1,1
2,2,Nasal_anterior_left,left,1,1,1,1,1
3,3,Nasal_posterior_left,left,1,1,1,1,1
4,4,Nasal_posterior_midline,midline,1,1,1,1,1
5,5,Premaxilla_anterior_midline,midline,2,2,1,1,1
6,6,Premaxilla_anterior_dorsal,left,2,2,1,1,1
7,7,Premaxilla_posterior_dorsal,left,2,2,1,1,1
8,8,Premaxilla_posterior_lateral,left,2,2,1,1,1
9,9,Maxilla_anterior_lateral,left,3,3,1,1,1
10,10,Maxilla_anterior_dorsal,left,3,3,1,1,1
11,11,Maxilla_nasal_frontal_suture,left,3,3,1,1,1
12,12,Maxilla_dorsal_orbit,left,3,3,1,1,1
13,13,Maxilla_jugal_dorsal_orbit,left,3,3,1,1,1
14,14,Maxilla_jugal_ventral_suture,left,3,3,1,1,1
15,15,Maxilla_posterior_tooth_row,left,3,3,1,1,1
16,16,Jugal_maxilla_dorsal_orbit,left,4,4,1,1,1
17,17,Jugal_maxilla_ventral_suture,left,4,4,1,1,1
18,18,Jugal_squamosal_ventral_suture,left,4,4,1,1,1
19,19,Frontal_anterior_midline,midline,5,5,2,2,1
20,20,Frontal_posterior_midline,midline,5,5,2,2,1
21,21,Frontal_parietal_lateral_posterior_suture,left,5,5,2,2,1
22,22,Frontal_Postorbital_process,left,5,5,2,2,1
23,23,Frontal_lacrimal_maxilla_orbit_suture,left,5,5,2,2,1
24,24,Frontal_nasal_maxilla_suture,left,5,5,2,2,1
25,25,Parietal_anterior_midline,left,6,6,2,2,2
26,26,Parietal_posterior_midline,left,6,6,2,2,2
27,27,Parietal_lateral_posterior_squamosal_suture,left,6,6,2,2,2
28,28,Parietal_anterior_squamosal_suture,left,6,6,2,2,2
29,29,Parietal_anterior_lateral_frontal_suture,left,6,6,2,2,2
30,30,Squamosal_anterior_dorsal_parietal_suture,left,7,7,2,2,1
31,31,Squamosal_anterior_ventral_vault_zygomatic_divergence,left,7,7,2,2,1
32,32,Squamosal_jugal_dorsal_suture,left,8,15,2,2,1
33,33,Squamosal_jugal_ventral_suture,left,8,15,2,2,1
34,34,Glenoid_anterior_medial,left,9,15,2,2,1
35,35,Glenoid_posterior_lateral,left,9,15,2,2,1
36,36,Squamosal_posterior_lateral,left,7,7,2,2,1
37,37,Squamosal_posterior_dorsal_parietal_suture,left,7,7,2,2,1
38,38,Supraoccipital_skull_roof,left,10,8,2,2,2
39,39,Supraoccipital_parietal_suture,midline,10,8,2,2,2
40,40,Supraoccipital_opisthion,midline,10,8,2,2,2
41,41,Occipital_condyle_dorsal_medial,midline,11,8,2,3,2
42,42,Occipital_condyle_dorsal_lateral,left,11,8,2,3,2
43,43,Paraoccipital_process,left,10,8,2,3,2
44,44,Supraoccipital_lateral_ventral,left,10,8,2,2,2
45,45,Supraoccipital_parietal_squamosal_suture,left,10,8,2,2,2
46,46,Occipital_condyle_ventral_medial,left,11,8,2,3,2
47,47,Occipital_condyle_ventral_lateral,left,11,8,2,3,2
48,48,Basioccipital_basion,midline,12,9,2,3,2
49,49,Basioccipital_anterior_midline,midline,12,9,2,3,2
50,50,Basioccipital_anterior_lateral,left,12,9,2,3,2
51,51,Basisphenoid_anterior_midline,midline,13,10,2,3,2
52,52,Basisphenoid_anterior_lateral,left,13,10,2,3,2
53,53,Lateral posterior basisphenoid,left,13,10,2,3,2
54,54,Medial posterior basisphenoid,midline,13,10,2,3,2
55,55,Postero-ventro-medial point of palate – midline in mammals,midline,14,11,1,1,1
56,56,Palatine anterior midline ventral suture,midline,14,11,1,1,1
57,57,Pal-pterygoid suture,left,14,11,1,1,1
58,58,Pal-max lateral posterior suture,left,14,11,1,1,1
59,59,Pterygoid posterior ,left,15,12,1,1,1
60,60,Dorsal/base posterior pterygoid,left,15,12,1,1,1
61,61,Maxilla ventral midline posterior suture,midline,16,13,1,1,1
62,62,Maxilla ventral midline anterior suture,midline,16,13,1,1,1
63,63,Maxilla anterior lateral ventral,left,16,13,1,1,1
64,64,Premaxilla ventral midline posterior suture,left,17,14,1,1,1
65,65,MIDLINE: Anterior-most point of palatal surface immediately posterior to tooth row,left,17,14,1,1,1
66,66,Premaxilla posterior lateral ventral,left,17,14,1,1,1
67,67,C_1.Nasal midline,midline,1,1,1,1,1
68,68,C_1.Nasal midline,midline,1,1,1,1,1
69,69,C_1.Nasal midline,midline,1,1,1,1,1
70,70,C_1.Nasal midline,midline,1,1,1,1,1
71,71,C_1.Nasal midline,midline,1,1,1,1,1
72,72,C_1.Nasal midline,midline,1,1,1,1,1
73,73,C_1.Nasal midline,midline,1,1,1,1,1
74,74,C_1.Nasal midline,midline,1,1,1,1,1
75,75,C_1.Nasal midline,midline,1,1,1,1,1
76,76,C_1.Nasal midline,midline,1,1,1,1,1
77,77,C_1.Nasal midline,midline,1,1,1,1,1
78,78,C_1.Nasal midline,midline,1,1,1,1,1
79,79,C_1.Nasal midline,midline,1,1,1,1,1
80,80,C_1.Nasal midline,midline,1,1,1,1,1
81,81,C_1.Nasal midline,midline,1,1,1,1,1
82,82,C_1.Nasal midline,midline,1,1,1,1,1
83,83,C_1.Nasal midline,midline,1,1,1,1,1
84,84,C_1.Nasal midline,midline,1,1,1,1,1
85,85,C_1.Nasal midline,midline,1,1,1,1,1
86,86,C_1.Nasal midline,midline,1,1,1,1,1
87,87,C_1.Nasal midline,midline,1,1,1,1,1
88,88,C_1.Nasal midline,midline,1,1,1,1,1
89,89,C_1.Nasal midline,midline,1,1,1,1,1
90,90,C_1.Nasal midline,midline,1,1,1,1,1
91,91,C_1.Nasal midline,midline,1,1,1,1,1
92,92,C_2.Nasal posterior,left,1,1,1,1,1
93,93,C_2.Nasal posterior,left,1,1,1,1,1
94,94,C_2.Nasal posterior,left,1,1,1,1,1
95,95,C_2.Nasal posterior,left,1,1,1,1,1
96,96,C_2.Nasal posterior,left,1,1,1,1,1
97,97,C_3.Nasal lateral,left,1,1,1,1,1
98,98,C_3.Nasal lateral,left,1,1,1,1,1
99,99,C_3.Nasal lateral,left,1,1,1,1,1
100,100,C_3.Nasal lateral,left,1,1,1,1,1
101,101,C_3.Nasal lateral,left,1,1,1,1,1
102,102,C_3.Nasal lateral,left,1,1,1,1,1
103,103,C_3.Nasal lateral,left,1,1,1,1,1
104,104,C_3.Nasal lateral,left,1,1,1,1,1
105,105,C_3.Nasal lateral,left,1,1,1,1,1
106,106,C_3.Nasal lateral,left,1,1,1,1,1
107,107,C_3.Nasal lateral,left,1,1,1,1,1
108,108,C_3.Nasal lateral,left,1,1,1,1,1
109,109,C_3.Nasal lateral,left,1,1,1,1,1
110,110,C_3.Nasal lateral,left,1,1,1,1,1
111,111,C_3.Nasal lateral,left,1,1,1,1,1
112,112,C_3.Nasal lateral,left,1,1,1,1,1
113,113,C_3.Nasal lateral,left,1,1,1,1,1
114,114,C_3.Nasal lateral,left,1,1,1,1,1
115,115,C_3.Nasal lateral,left,1,1,1,1,1
116,116,C_3.Nasal lateral,left,1,1,1,1,1
117,117,C_3.Nasal lateral,left,1,1,1,1,1
118,118,C_3.Nasal lateral,left,1,1,1,1,1
119,119,C_3.Nasal lateral,left,1,1,1,1,1
120,120,C_3.Nasal lateral,left,1,1,1,1,1
121,121,C_3.Nasal lateral,left,1,1,1,1,1
122,122,C_4.Nasal anterior,left,1,1,1,1,1
123,123,C_4.Nasal anterior,left,1,1,1,1,1
124,124,C_4.Nasal anterior,left,1,1,1,1,1
125,125,C_4.Nasal anterior,left,1,1,1,1,1
126,126,C_4.Nasal anterior,left,1,1,1,1,1
127,127,C_5.Premaxilla anterior,left,2,2,1,1,1
128,128,C_5.Premaxilla anterior,left,2,2,1,1,1
129,129,C_5.Premaxilla anterior,left,2,2,1,1,1
130,130,C_5.Premaxilla anterior,left,2,2,1,1,1
131,131,C_5.Premaxilla anterior,left,2,2,1,1,1
132,132,C_5.Premaxilla anterior,left,2,2,1,1,1
133,133,C_5.Premaxilla anterior,left,2,2,1,1,1
134,134,C_5.Premaxilla anterior,left,2,2,1,1,1
135,135,C_5.Premaxilla anterior,left,2,2,1,1,1
136,136,C_5.Premaxilla anterior,left,2,2,1,1,1
137,137,C_6.Premaxilla dorsal,left,2,2,1,1,1
138,138,C_6.Premaxilla dorsal,left,2,2,1,1,1
139,139,C_6.Premaxilla dorsal,left,2,2,1,1,1
140,140,C_6.Premaxilla dorsal,left,2,2,1,1,1
141,141,C_6.Premaxilla dorsal,left,2,2,1,1,1
142,142,C_6.Premaxilla dorsal,left,2,2,1,1,1
143,143,C_6.Premaxilla dorsal,left,2,2,1,1,1
144,144,C_6.Premaxilla dorsal,left,2,2,1,1,1
145,145,C_6.Premaxilla dorsal,left,2,2,1,1,1
146,146,C_6.Premaxilla dorsal,left,2,2,1,1,1
147,147,C_6.Premaxilla dorsal,left,2,2,1,1,1
148,148,C_6.Premaxilla dorsal,left,2,2,1,1,1
149,149,C_6.Premaxilla dorsal,left,2,2,1,1,1
150,150,C_6.Premaxilla dorsal,left,2,2,1,1,1
151,151,C_6.Premaxilla dorsal,left,2,2,1,1,1
152,152,C_7.Premaxilla posterior,left,2,2,1,1,1
153,153,C_7.Premaxilla posterior,left,2,2,1,1,1
154,154,C_7.Premaxilla posterior,left,2,2,1,1,1
155,155,C_7.Premaxilla posterior,left,2,2,1,1,1
156,156,C_7.Premaxilla posterior,left,2,2,1,1,1
157,157,C_7.Premaxilla posterior,left,2,2,1,1,1
158,158,C_7.Premaxilla posterior,left,2,2,1,1,1
159,159,C_7.Premaxilla posterior,left,2,2,1,1,1
160,160,C_7.Premaxilla posterior,left,2,2,1,1,1
161,161,C_7.Premaxilla posterior,left,2,2,1,1,1
162,162,C_7.Premaxilla posterior,left,2,2,1,1,1
163,163,C_7.Premaxilla posterior,left,2,2,1,1,1
164,164,C_7.Premaxilla posterior,left,2,2,1,1,1
165,165,C_7.Premaxilla posterior,left,2,2,1,1,1
166,166,C_7.Premaxilla posterior,left,2,2,1,1,1
167,167,C_8.Premaxilla lateral (ventral margin),left,2,2,1,1,1
168,168,C_8.Premaxilla lateral (ventral margin),left,2,2,1,1,1
169,169,C_8.Premaxilla lateral (ventral margin),left,2,2,1,1,1
170,170,C_8.Premaxilla lateral (ventral margin),left,2,2,1,1,1
171,171,C_8.Premaxilla lateral (ventral margin),left,2,2,1,1,1
172,172,C_8.Premaxilla lateral (ventral margin),left,2,2,1,1,1
173,173,C_8.Premaxilla lateral (ventral margin),left,2,2,1,1,1
174,174,C_8.Premaxilla lateral (ventral margin),left,2,2,1,1,1
175,175,C_8.Premaxilla lateral (ventral margin),left,2,2,1,1,1
176,176,C_8.Premaxilla lateral (ventral margin),left,2,2,1,1,1
177,177,C_9.Maxilla anterior,left,3,3,1,1,1
178,178,C_9.Maxilla anterior,left,3,3,1,1,1
179,179,C_9.Maxilla anterior,left,3,3,1,1,1
180,180,C_9.Maxilla anterior,left,3,3,1,1,1
181,181,C_9.Maxilla anterior,left,3,3,1,1,1
182,182,C_9.Maxilla anterior,left,3,3,1,1,1
183,183,C_9.Maxilla anterior,left,3,3,1,1,1
184,184,C_9.Maxilla anterior,left,3,3,1,1,1
185,185,C_9.Maxilla anterior,left,3,3,1,1,1
186,186,C_9.Maxilla anterior,left,3,3,1,1,1
187,187,C_10.Maxilla dorsal,left,3,3,1,1,1
188,188,C_10.Maxilla dorsal,left,3,3,1,1,1
189,189,C_10.Maxilla dorsal,left,3,3,1,1,1
190,190,C_10.Maxilla dorsal,left,3,3,1,1,1
191,191,C_10.Maxilla dorsal,left,3,3,1,1,1
192,192,C_10.Maxilla dorsal,left,3,3,1,1,1
193,193,C_10.Maxilla dorsal,left,3,3,1,1,1
194,194,C_10.Maxilla dorsal,left,3,3,1,1,1
195,195,C_10.Maxilla dorsal,left,3,3,1,1,1
196,196,C_10.Maxilla dorsal,left,3,3,1,1,1
197,197,C_10.Maxilla dorsal,left,3,3,1,1,1
198,198,C_10.Maxilla dorsal,left,3,3,1,1,1
199,199,C_10.Maxilla dorsal,left,3,3,1,1,1
200,200,C_10.Maxilla dorsal,left,3,3,1,1,1
201,201,C_10.Maxilla dorsal,left,3,3,1,1,1
202,202,C_11.Maxilla posterior dorsal (nasal to orbit),left,3,3,1,1,1
203,203,C_11.Maxilla posterior dorsal (nasal to orbit),left,3,3,1,1,1
204,204,C_11.Maxilla posterior dorsal (nasal to orbit),left,3,3,1,1,1
205,205,C_11.Maxilla posterior dorsal (nasal to orbit),left,3,3,1,1,1
206,206,C_11.Maxilla posterior dorsal (nasal to orbit),left,3,3,1,1,1
207,207,C_12.Maxilla orbit,left,3,3,1,1,1
208,208,C_12.Maxilla orbit,left,3,3,1,1,1
209,209,C_12.Maxilla orbit,left,3,3,1,1,1
210,210,C_12.Maxilla orbit,left,3,3,1,1,1
211,211,C_12.Maxilla orbit,left,3,3,1,1,1
212,212,C_12.Maxilla orbit,left,3,3,1,1,1
213,213,C_12.Maxilla orbit,left,3,3,1,1,1
214,214,C_13.Maxilla orbit to zygomatic,left,3,3,1,1,1
215,215,C_13.Maxilla orbit to zygomatic,left,3,3,1,1,1
216,216,C_13.Maxilla orbit to zygomatic,left,3,3,1,1,1
217,217,C_13.Maxilla orbit to zygomatic,left,3,3,1,1,1
218,218,C_13.Maxilla orbit to zygomatic,left,3,3,1,1,1
219,219,C_13.Maxilla orbit to zygomatic,left,3,3,1,1,1
220,220,C_13.Maxilla orbit to zygomatic,left,3,3,1,1,1
221,221,C_13.Maxilla orbit to zygomatic,left,3,3,1,1,1
222,222,C_13.Maxilla orbit to zygomatic,left,3,3,1,1,1
223,223,C_13.Maxilla orbit to zygomatic,left,3,3,1,1,1
224,224,C_14.Maxilla posterior ventral,left,3,3,1,1,1
225,225,C_14.Maxilla posterior ventral,left,3,3,1,1,1
226,226,C_14.Maxilla posterior ventral,left,3,3,1,1,1
227,227,C_14.Maxilla posterior ventral,left,3,3,1,1,1
228,228,C_14.Maxilla posterior ventral,left,3,3,1,1,1
229,229,C_14.Maxilla posterior ventral,left,3,3,1,1,1
230,230,C_14.Maxilla posterior ventral,left,3,3,1,1,1
231,231,C_14.Maxilla posterior ventral,left,3,3,1,1,1
232,232,C_15.Maxilla ventral tooth row,left,3,3,1,1,1
233,233,C_15.Maxilla ventral tooth row,left,3,3,1,1,1
234,234,C_15.Maxilla ventral tooth row,left,3,3,1,1,1
235,235,C_15.Maxilla ventral tooth row,left,3,3,1,1,1
236,236,C_15.Maxilla ventral tooth row,left,3,3,1,1,1
237,237,C_15.Maxilla ventral tooth row,left,3,3,1,1,1
238,238,C_15.Maxilla ventral tooth row,left,3,3,1,1,1
239,239,C_15.Maxilla ventral tooth row,left,3,3,1,1,1
240,240,C_15.Maxilla ventral tooth row,left,3,3,1,1,1
241,241,C_15.Maxilla ventral tooth row,left,3,3,1,1,1
242,242,C_15.Maxilla ventral tooth row,left,3,3,1,1,1
243,243,C_15.Maxilla ventral tooth row,left,3,3,1,1,1
244,244,C_15.Maxilla ventral tooth row,left,3,3,1,1,1
245,245,C_15.Maxilla ventral tooth row,left,3,3,1,1,1
246,246,C_15.Maxilla ventral tooth row,left,3,3,1,1,1
247,247,C_15.Maxilla ventral tooth row,left,3,3,1,1,1
248,248,C_15.Maxilla ventral tooth row,left,3,3,1,1,1
249,249,C_15.Maxilla ventral tooth row,left,3,3,1,1,1
250,250,C_15.Maxilla ventral tooth row,left,3,3,1,1,1
251,251,C_15.Maxilla ventral tooth row,left,3,3,1,1,1
252,252,C_16.Jugal dorsal,left,4,4,1,1,1
253,253,C_16.Jugal dorsal,left,4,4,1,1,1
254,254,C_16.Jugal dorsal,left,4,4,1,1,1
255,255,C_16.Jugal dorsal,left,4,4,1,1,1
256,256,C_16.Jugal dorsal,left,4,4,1,1,1
257,257,C_16.Jugal dorsal,left,4,4,1,1,1
258,258,C_16.Jugal dorsal,left,4,4,1,1,1
259,259,C_16.Jugal dorsal,left,4,4,1,1,1
260,260,C_16.Jugal dorsal,left,4,4,1,1,1
261,261,C_16.Jugal dorsal,left,4,4,1,1,1
262,262,C_16.Jugal dorsal,left,4,4,1,1,1
263,263,C_16.Jugal dorsal,left,4,4,1,1,1
264,264,C_16.Jugal dorsal,left,4,4,1,1,1
265,265,C_16.Jugal dorsal,left,4,4,1,1,1
266,266,C_16.Jugal dorsal,left,4,4,1,1,1
267,267,C_16.Jugal dorsal,left,4,4,1,1,1
268,268,C_16.Jugal dorsal,left,4,4,1,1,1
269,269,C_16.Jugal dorsal,left,4,4,1,1,1
270,270,C_16.Jugal dorsal,left,4,4,1,1,1
271,271,C_16.Jugal dorsal,left,4,4,1,1,1
272,272,C_17.Jugal ventral,left,4,4,1,1,1
273,273,C_17.Jugal ventral,left,4,4,1,1,1
274,274,C_17.Jugal ventral,left,4,4,1,1,1
275,275,C_17.Jugal ventral,left,4,4,1,1,1
276,276,C_17.Jugal ventral,left,4,4,1,1,1
277,277,C_17.Jugal ventral,left,4,4,1,1,1
278,278,C_17.Jugal ventral,left,4,4,1,1,1
279,279,C_17.Jugal ventral,left,4,4,1,1,1
280,280,C_17.Jugal ventral,left,4,4,1,1,1
281,281,C_17.Jugal ventral,left,4,4,1,1,1
282,282,C_17.Jugal ventral,left,4,4,1,1,1
283,283,C_17.Jugal ventral,left,4,4,1,1,1
284,284,C_17.Jugal ventral,left,4,4,1,1,1
285,285,C_17.Jugal ventral,left,4,4,1,1,1
286,286,C_17.Jugal ventral,left,4,4,1,1,1
287,287,C_18.Jugal anterior,left,4,4,1,1,1
288,288,C_18.Jugal anterior,left,4,4,1,1,1
289,289,C_18.Jugal anterior,left,4,4,1,1,1
290,290,C_18.Jugal anterior,left,4,4,1,1,1
291,291,C_18.Jugal anterior,left,4,4,1,1,1
292,292,C_18.Jugal anterior,left,4,4,1,1,1
293,293,C_18.Jugal anterior,left,4,4,1,1,1
294,294,C_18.Jugal anterior,left,4,4,1,1,1
295,295,C_19.Frontal anterior medial,left,5,5,2,2,1
296,296,C_19.Frontal anterior medial,left,5,5,2,2,1
297,297,C_19.Frontal anterior medial,left,5,5,2,2,1
298,298,C_19.Frontal anterior medial,left,5,5,2,2,1
299,299,C_19.Frontal anterior medial,left,5,5,2,2,1
300,300,C_19.Frontal anterior medial,left,5,5,2,2,1
301,301,C_19.Frontal anterior medial,left,5,5,2,2,1
302,302,C_19.Frontal anterior medial,left,5,5,2,2,1
303,303,C_20.Frontal dorsal anterior lateral,left,5,5,2,2,1
304,304,C_20.Frontal dorsal anterior lateral,left,5,5,2,2,1
305,305,C_20.Frontal dorsal anterior lateral,left,5,5,2,2,1
306,306,C_20.Frontal dorsal anterior lateral,left,5,5,2,2,1
307,307,C_20.Frontal dorsal anterior lateral,left,5,5,2,2,1
308,308,C_20.Frontal dorsal anterior lateral,left,5,5,2,2,1
309,309,C_20.Frontal dorsal anterior lateral,left,5,5,2,2,1
310,310,C_20.Frontal dorsal anterior lateral,left,5,5,2,2,1
311,311,C_21.Frontal orbit,left,5,5,2,2,1
312,312,C_21.Frontal orbit,left,5,5,2,2,1
313,313,C_21.Frontal orbit,left,5,5,2,2,1
314,314,C_21.Frontal orbit,left,5,5,2,2,1
315,315,C_21.Frontal orbit,left,5,5,2,2,1
316,316,C_21.Frontal orbit,left,5,5,2,2,1
317,317,C_21.Frontal orbit,left,5,5,2,2,1
318,318,C_21.Frontal orbit,left,5,5,2,2,1
319,319,C_21.Frontal orbit,left,5,5,2,2,1
320,320,C_21.Frontal orbit,left,5,5,2,2,1
321,321,C_21.Frontal orbit,left,5,5,2,2,1
322,322,C_21.Frontal orbit,left,5,5,2,2,1
323,323,C_21.Frontal orbit,left,5,5,2,2,1
324,324,C_21.Frontal orbit,left,5,5,2,2,1
325,325,C_21.Frontal orbit,left,5,5,2,2,1
326,326,C_22.Frontal posterior orbit to vault,left,5,5,2,2,1
327,327,C_22.Frontal posterior orbit to vault,left,5,5,2,2,1
328,328,C_22.Frontal posterior orbit to vault,left,5,5,2,2,1
329,329,C_22.Frontal posterior orbit to vault,left,5,5,2,2,1
330,330,C_22.Frontal posterior orbit to vault,left,5,5,2,2,1
331,331,C_22.Frontal posterior orbit to vault,left,5,5,2,2,1
332,332,C_22.Frontal posterior orbit to vault,left,5,5,2,2,1
333,333,C_22.Frontal posterior orbit to vault,left,5,5,2,2,1
334,334,C_22.Frontal posterior orbit to vault,left,5,5,2,2,1
335,335,C_22.Frontal posterior orbit to vault,left,5,5,2,2,1
336,336,C_22.Frontal posterior orbit to vault,left,5,5,2,2,1
337,337,C_22.Frontal posterior orbit to vault,left,5,5,2,2,1
338,338,C_22.Frontal posterior orbit to vault,left,5,5,2,2,1
339,339,C_22.Frontal posterior orbit to vault,left,5,5,2,2,1
340,340,C_22.Frontal posterior orbit to vault,left,5,5,2,2,1
341,341,C_23.Frontal posterior,left,5,5,2,2,1
342,342,C_23.Frontal posterior,left,5,5,2,2,1
343,343,C_23.Frontal posterior,left,5,5,2,2,1
344,344,C_23.Frontal posterior,left,5,5,2,2,1
345,345,C_23.Frontal posterior,left,5,5,2,2,1
346,346,C_23.Frontal posterior,left,5,5,2,2,1
347,347,C_23.Frontal posterior,left,5,5,2,2,1
348,348,C_23.Frontal posterior,left,5,5,2,2,1
349,349,C_23.Frontal posterior,left,5,5,2,2,1
350,350,C_23.Frontal posterior,left,5,5,2,2,1
351,351,C_23.Frontal posterior,left,5,5,2,2,1
352,352,C_23.Frontal posterior,left,5,5,2,2,1
353,353,C_23.Frontal posterior,left,5,5,2,2,1
354,354,C_23.Frontal posterior,left,5,5,2,2,1
355,355,C_23.Frontal posterior,left,5,5,2,2,1
356,356,C_24.Frontal midline,midline,5,5,2,2,1
357,357,C_24.Frontal midline,midline,5,5,2,2,1
358,358,C_24.Frontal midline,midline,5,5,2,2,1
359,359,C_24.Frontal midline,midline,5,5,2,2,1
360,360,C_24.Frontal midline,midline,5,5,2,2,1
361,361,C_24.Frontal midline,midline,5,5,2,2,1
362,362,C_24.Frontal midline,midline,5,5,2,2,1
363,363,C_24.Frontal midline,midline,5,5,2,2,1
364,364,C_24.Frontal midline,midline,5,5,2,2,1
365,365,C_24.Frontal midline,midline,5,5,2,2,1
366,366,C_24.Frontal midline,midline,5,5,2,2,1
367,367,C_24.Frontal midline,midline,5,5,2,2,1
368,368,C_24.Frontal midline,midline,5,5,2,2,1
369,369,C_24.Frontal midline,midline,5,5,2,2,1
370,370,C_24.Frontal midline,midline,5,5,2,2,1
371,371,C_25.Parietal midline,left,6,6,2,2,2
372,372,C_25.Parietal midline,left,6,6,2,2,2
373,373,C_25.Parietal midline,left,6,6,2,2,2
374,374,C_25.Parietal midline,left,6,6,2,2,2
375,375,C_25.Parietal midline,left,6,6,2,2,2
376,376,C_25.Parietal midline,left,6,6,2,2,2
377,377,C_25.Parietal midline,left,6,6,2,2,2
378,378,C_25.Parietal midline,left,6,6,2,2,2
379,379,C_25.Parietal midline,left,6,6,2,2,2
380,380,C_25.Parietal midline,left,6,6,2,2,2
381,381,C_25.Parietal midline,left,6,6,2,2,2
382,382,C_25.Parietal midline,left,6,6,2,2,2
383,383,C_25.Parietal midline,left,6,6,2,2,2
384,384,C_25.Parietal midline,left,6,6,2,2,2
385,385,C_25.Parietal midline,left,6,6,2,2,2
386,386,C_26.Parietal posterior,left,6,6,2,2,2
387,387,C_26.Parietal posterior,left,6,6,2,2,2
388,388,C_26.Parietal posterior,left,6,6,2,2,2
389,389,C_26.Parietal posterior,left,6,6,2,2,2
390,390,C_26.Parietal posterior,left,6,6,2,2,2
391,391,C_26.Parietal posterior,left,6,6,2,2,2
392,392,C_26.Parietal posterior,left,6,6,2,2,2
393,393,C_26.Parietal posterior,left,6,6,2,2,2
394,394,C_26.Parietal posterior,left,6,6,2,2,2
395,395,C_26.Parietal posterior,left,6,6,2,2,2
396,396,C_26.Parietal posterior,left,6,6,2,2,2
397,397,C_26.Parietal posterior,left,6,6,2,2,2
398,398,C_26.Parietal posterior,left,6,6,2,2,2
399,399,C_26.Parietal posterior,left,6,6,2,2,2
400,400,C_26.Parietal posterior,left,6,6,2,2,2
401,401,C_27.Parietal lateral,left,6,6,2,2,2
402,402,C_27.Parietal lateral,left,6,6,2,2,2
403,403,C_27.Parietal lateral,left,6,6,2,2,2
404,404,C_27.Parietal lateral,left,6,6,2,2,2
405,405,C_27.Parietal lateral,left,6,6,2,2,2
406,406,C_27.Parietal lateral,left,6,6,2,2,2
407,407,C_27.Parietal lateral,left,6,6,2,2,2
408,408,C_27.Parietal lateral,left,6,6,2,2,2
409,409,C_27.Parietal lateral,left,6,6,2,2,2
410,410,C_27.Parietal lateral,left,6,6,2,2,2
411,411,C_27.Parietal lateral,left,6,6,2,2,2
412,412,C_27.Parietal lateral,left,6,6,2,2,2
413,413,C_28.Parietal vault to anterior lateral,left,6,6,2,2,2
414,414,C_28.Parietal vault to anterior lateral,left,6,6,2,2,2
415,415,C_28.Parietal vault to anterior lateral,left,6,6,2,2,2
416,416,C_28.Parietal vault to anterior lateral,left,6,6,2,2,2
417,417,C_28.Parietal vault to anterior lateral,left,6,6,2,2,2
418,418,C_29.Parietal anterior lateral to midline,left,6,6,2,2,2
419,419,C_29.Parietal anterior lateral to midline,left,6,6,2,2,2
420,420,C_29.Parietal anterior lateral to midline,left,6,6,2,2,2
421,421,C_29.Parietal anterior lateral to midline,left,6,6,2,2,2
422,422,C_29.Parietal anterior lateral to midline,left,6,6,2,2,2
423,423,C_29.Parietal anterior lateral to midline,left,6,6,2,2,2
424,424,C_29.Parietal anterior lateral to midline,left,6,6,2,2,2
425,425,C_29.Parietal anterior lateral to midline,left,6,6,2,2,2
426,426,C_29.Parietal anterior lateral to midline,left,6,6,2,2,2
427,427,C_29.Parietal anterior lateral to midline,left,6,6,2,2,2
428,428,C_29.Parietal anterior lateral to midline,left,6,6,2,2,2
429,429,C_29.Parietal anterior lateral to midline,left,6,6,2,2,2
430,430,C_29.Parietal anterior lateral to midline,left,6,6,2,2,2
431,431,C_29.Parietal anterior lateral to midline,left,6,6,2,2,2
432,432,C_29.Parietal anterior lateral to midline,left,6,6,2,2,2
433,433,C_30.Glenoid anterior,left,9,15,2,2,1
434,434,C_30.Glenoid anterior,left,9,15,2,2,1
435,435,C_30.Glenoid anterior,left,9,15,2,2,1
436,436,C_30.Glenoid anterior,left,9,15,2,2,1
437,437,C_30.Glenoid anterior,left,9,15,2,2,1
438,438,C_30.Glenoid anterior,left,9,15,2,2,1
439,439,C_30.Glenoid anterior,left,9,15,2,2,1
440,440,C_30.Glenoid anterior,left,9,15,2,2,1
441,441,C_31.Glenoid posterior,left,9,15,2,2,1
442,442,C_31.Glenoid posterior,left,9,15,2,2,1
443,443,C_31.Glenoid posterior,left,9,15,2,2,1
444,444,C_31.Glenoid posterior,left,9,15,2,2,1
445,445,C_31.Glenoid posterior,left,9,15,2,2,1
446,446,C_31.Glenoid posterior,left,9,15,2,2,1
447,447,C_31.Glenoid posterior,left,9,15,2,2,1
448,448,C_31.Glenoid posterior,left,9,15,2,2,1
449,449,C_32.Squamosal zygomatic ventral,left,8,15,2,2,1
450,450,C_32.Squamosal zygomatic ventral,left,8,15,2,2,1
451,451,C_32.Squamosal zygomatic ventral,left,8,15,2,2,1
452,452,C_32.Squamosal zygomatic ventral,left,8,15,2,2,1
453,453,C_32.Squamosal zygomatic ventral,left,8,15,2,2,1
454,454,C_32.Squamosal zygomatic ventral,left,8,15,2,2,1
455,455,C_32.Squamosal zygomatic ventral,left,8,15,2,2,1
456,456,C_32.Squamosal zygomatic ventral,left,8,15,2,2,1
457,457,C_33.Squamosal zygomatic dorsal,left,8,15,2,2,1
458,458,C_33.Squamosal zygomatic dorsal,left,8,15,2,2,1
459,459,C_33.Squamosal zygomatic dorsal,left,8,15,2,2,1
460,460,C_33.Squamosal zygomatic dorsal,left,8,15,2,2,1
461,461,C_33.Squamosal zygomatic dorsal,left,8,15,2,2,1
462,462,C_33.Squamosal zygomatic dorsal,left,8,15,2,2,1
463,463,C_33.Squamosal zygomatic dorsal,left,8,15,2,2,1
464,464,C_33.Squamosal zygomatic dorsal,left,8,15,2,2,1
465,465,C_33.Squamosal zygomatic dorsal,left,8,15,2,2,1
466,466,C_33.Squamosal zygomatic dorsal,left,8,15,2,2,1
467,467,C_33.Squamosal zygomatic dorsal,left,8,15,2,2,1
468,468,C_33.Squamosal zygomatic dorsal,left,8,15,2,2,1
469,469,C_33.Squamosal zygomatic dorsal,left,8,15,2,2,1
470,470,C_33.Squamosal zygomatic dorsal,left,8,15,2,2,1
471,471,C_33.Squamosal zygomatic dorsal,left,8,15,2,2,1
472,472,C_34.Squamosal anterior vault,left,7,7,2,2,1
473,473,C_34.Squamosal anterior vault,left,7,7,2,2,1
474,474,C_34.Squamosal anterior vault,left,7,7,2,2,1
475,475,C_34.Squamosal anterior vault,left,7,7,2,2,1
476,476,C_34.Squamosal anterior vault,left,7,7,2,2,1
477,477,C_34.Squamosal anterior vault,left,7,7,2,2,1
478,478,C_34.Squamosal anterior vault,left,7,7,2,2,1
479,479,C_34.Squamosal anterior vault,left,7,7,2,2,1
480,480,C_35.Squamosal dorsal vault,left,7,7,2,2,1
481,481,C_35.Squamosal dorsal vault,left,7,7,2,2,1
482,482,C_35.Squamosal dorsal vault,left,7,7,2,2,1
483,483,C_35.Squamosal dorsal vault,left,7,7,2,2,1
484,484,C_35.Squamosal dorsal vault,left,7,7,2,2,1
485,485,C_35.Squamosal dorsal vault,left,7,7,2,2,1
486,486,C_35.Squamosal dorsal vault,left,7,7,2,2,1
487,487,C_35.Squamosal dorsal vault,left,7,7,2,2,1
488,488,C_35.Squamosal dorsal vault,left,7,7,2,2,1
489,489,C_35.Squamosal dorsal vault,left,7,7,2,2,1
490,490,C_36.Squamosal posterior vault,left,7,7,2,2,1
491,491,C_36.Squamosal posterior vault,left,7,7,2,2,1
492,492,C_36.Squamosal posterior vault,left,7,7,2,2,1
493,493,C_36.Squamosal posterior vault,left,7,7,2,2,1
494,494,C_36.Squamosal posterior vault,left,7,7,2,2,1
495,495,C_37.Squamosal ventral vault,left,7,7,2,2,1
496,496,C_37.Squamosal ventral vault,left,7,7,2,2,1
497,497,C_37.Squamosal ventral vault,left,7,7,2,2,1
498,498,C_37.Squamosal ventral vault,left,7,7,2,2,1
499,499,C_37.Squamosal ventral vault,left,7,7,2,2,1
500,500,C_37.Squamosal ventral vault,left,7,7,2,2,1
501,501,C_37.Squamosal ventral vault,left,7,7,2,2,1
502,502,C_37.Squamosal ventral vault,left,7,7,2,2,1
503,503,C_37.Squamosal ventral vault,left,7,7,2,2,1
504,504,C_37.Squamosal ventral vault,left,7,7,2,2,1
505,505,C_38.Supraoccipital midline,midline,10,8,2,2,2
506,506,C_38.Supraoccipital midline,midline,10,8,2,2,2
507,507,C_38.Supraoccipital midline,midline,10,8,2,2,2
508,508,C_38.Supraoccipital midline,midline,10,8,2,2,2
509,509,C_38.Supraoccipital midline,midline,10,8,2,2,2
510,510,C_38.Supraoccipital midline,midline,10,8,2,2,2
511,511,C_38.Supraoccipital midline,midline,10,8,2,2,2
512,512,C_38.Supraoccipital midline,midline,10,8,2,2,2
513,513,C_38.Supraoccipital midline,midline,10,8,2,2,2
514,514,C_38.Supraoccipital midline,midline,10,8,2,2,2
515,515,C_38.Supraoccipital midline,midline,10,8,2,2,2
516,516,C_38.Supraoccipital midline,midline,10,8,2,2,2
517,517,C_39.Foramen magnum dorsal,left,10,8,2,2,2
518,518,C_39.Foramen magnum dorsal,left,10,8,2,2,2
519,519,C_39.Foramen magnum dorsal,left,10,8,2,2,2
520,520,C_39.Foramen magnum dorsal,left,10,8,2,2,2
521,521,C_39.Foramen magnum dorsal,left,10,8,2,2,2
522,522,C_39.Foramen magnum dorsal,left,10,8,2,2,2
523,523,C_39.Foramen magnum dorsal,left,10,8,2,2,2
524,524,C_39.Foramen magnum dorsal,left,10,8,2,2,2
525,525,C_40.Exoccipital dorsal,left,11,8,2,2,2
526,526,C_40.Exoccipital dorsal,left,11,8,2,2,2
527,527,C_40.Exoccipital dorsal,left,11,8,2,2,2
528,528,C_40.Exoccipital dorsal,left,11,8,2,2,2
529,529,C_41.Exocciptal dorsal lateral to paraoccipital,left,11,8,2,2,2
530,530,C_41.Exocciptal dorsal lateral to paraoccipital,left,11,8,2,2,2
531,531,C_41.Exocciptal dorsal lateral to paraoccipital,left,11,8,2,2,2
532,532,C_41.Exocciptal dorsal lateral to paraoccipital,left,11,8,2,2,2
533,533,C_41.Exocciptal dorsal lateral to paraoccipital,left,11,8,2,2,2
534,534,C_41.Exocciptal dorsal lateral to paraoccipital,left,11,8,2,2,2
535,535,C_42.Paraoccipital to lateral occipital,left,10,8,2,2,2
536,536,C_42.Paraoccipital to lateral occipital,left,10,8,2,2,2
537,537,C_42.Paraoccipital to lateral occipital,left,10,8,2,2,2
538,538,C_42.Paraoccipital to lateral occipital,left,10,8,2,2,2
539,539,C_42.Paraoccipital to lateral occipital,left,10,8,2,2,2
540,540,C_42.Paraoccipital to lateral occipital,left,10,8,2,2,2
541,541,C_42.Paraoccipital to lateral occipital,left,10,8,2,2,2
542,542,C_42.Paraoccipital to lateral occipital,left,10,8,2,2,2
543,543,C_43.Occipital lateral to suture with squamosal,left,10,8,2,2,2
544,544,C_43.Occipital lateral to suture with squamosal,left,10,8,2,2,2
545,545,C_43.Occipital lateral to suture with squamosal,left,10,8,2,2,2
546,546,C_43.Occipital lateral to suture with squamosal,left,10,8,2,2,2
547,547,C_43.Occipital lateral to suture with squamosal,left,10,8,2,3,2
548,548,C_43.Occipital lateral to suture with squamosal,left,10,8,2,3,2
549,549,C_43.Occipital lateral to suture with squamosal,left,10,8,2,3,2
550,550,C_43.Occipital lateral to suture with squamosal,left,10,8,2,3,2
551,551,C_44.Supraoccipital dorsal,left,10,8,2,3,2
552,552,C_44.Supraoccipital dorsal,left,10,8,2,3,2
553,553,C_44.Supraoccipital dorsal,left,10,8,2,3,2
554,554,C_44.Supraoccipital dorsal,left,10,8,2,3,2
555,555,C_44.Supraoccipital dorsal,left,10,8,2,3,2
556,556,C_44.Supraoccipital dorsal,left,10,8,2,3,2
557,557,C_44.Supraoccipital dorsal,left,10,8,2,3,2
558,558,C_44.Supraoccipital dorsal,left,10,8,2,3,2
559,559,C_44.Supraoccipital dorsal,left,10,8,2,3,2
560,560,C_44.Supraoccipital dorsal,left,10,8,2,3,2
561,561,C_45.Exoccipital medial,left,11,8,2,3,2
562,562,C_45.Exoccipital medial,left,11,8,2,3,2
563,563,C_45.Exoccipital medial,left,11,8,2,3,2
564,564,C_45.Exoccipital medial,left,11,8,2,3,2
565,565,C_45.Exoccipital medial,left,11,8,2,3,2
566,566,C_45.Exoccipital medial,left,11,8,2,3,2
567,567,C_45.Exoccipital medial,left,11,8,2,3,2
568,568,C_45.Exoccipital medial,left,11,8,2,3,2
569,569,C_46.Exoccipital ventral,left,11,8,2,3,2
570,570,C_46.Exoccipital ventral,left,11,8,2,3,2
571,571,C_46.Exoccipital ventral,left,11,8,2,3,2
572,572,C_46.Exoccipital ventral,left,11,8,2,3,2
573,573,C_47.Exoccipital lateral,left,11,8,2,3,2
574,574,C_47.Exoccipital lateral,left,11,8,2,3,2
575,575,C_47.Exoccipital lateral,left,11,8,2,3,2
576,576,C_47.Exoccipital lateral,left,11,8,2,3,2
577,577,C_47.Exoccipital lateral,left,11,8,2,3,2
578,578,C_47.Exoccipital lateral,left,11,8,2,3,2
579,579,C_47.Exoccipital lateral,left,11,8,2,3,2
580,580,C_47.Exoccipital lateral,left,11,8,2,3,2
581,581,C_48.Basioccipital midline,midline,12,9,2,2,2
582,582,C_48.Basioccipital midline,midline,12,9,2,2,2
583,583,C_48.Basioccipital midline,midline,12,9,2,2,2
584,584,C_48.Basioccipital midline,midline,12,9,2,2,2
585,585,C_48.Basioccipital midline,midline,12,9,2,2,2
586,586,C_48.Basioccipital midline,midline,12,9,2,2,2
587,587,C_48.Basioccipital midline,midline,12,9,2,2,2
588,588,C_48.Basioccipital midline,midline,12,9,2,2,2
589,589,C_49.Basioccipital anterior,left,12,9,2,2,2
590,590,C_49.Basioccipital anterior,left,12,9,2,2,2
591,591,C_49.Basioccipital anterior,left,12,9,2,2,2
592,592,C_50.Basioccipital lateral,left,12,9,2,2,2
593,593,C_50.Basioccipital lateral,left,12,9,2,2,2
594,594,C_50.Basioccipital lateral,left,12,9,2,2,2
595,595,C_50.Basioccipital lateral,left,12,9,2,2,2
596,596,C_50.Basioccipital lateral,left,12,9,2,2,2
597,597,C_50.Basioccipital lateral,left,12,9,2,2,2
598,598,C_50.Basioccipital lateral,left,12,9,2,2,2
599,599,C_50.Basioccipital lateral,left,12,9,2,2,2
600,600,C_50.Basioccipital lateral,left,12,9,2,2,2
601,601,C_50.Basioccipital lateral,left,12,9,2,2,2
602,602,C_51.Basioccipital posterior,left,12,9,2,2,2
603,603,C_51.Basioccipital posterior,left,12,9,2,2,2
604,604,C_51.Basioccipital posterior,left,12,9,2,2,2
605,605,C_52.Basisphenoid midline,midline,13,10,2,2,2
606,606,C_52.Basisphenoid midline,midline,13,10,2,2,2
607,607,C_52.Basisphenoid midline,midline,13,10,2,2,2
608,608,C_52.Basisphenoid midline,midline,13,10,2,2,2
609,609,C_52.Basisphenoid midline,midline,13,10,2,2,2
610,610,C_52.Basisphenoid midline,midline,13,10,2,2,2
611,611,C_52.Basisphenoid midline,midline,13,10,2,2,2
612,612,C_52.Basisphenoid midline,midline,13,10,2,2,2
613,613,C_52.Basisphenoid midline,midline,13,10,2,2,2
614,614,C_52.Basisphenoid midline,midline,13,10,2,2,2
615,615,C_52.Basisphenoid midline,midline,13,10,2,2,2
616,616,C_52.Basisphenoid midline,midline,13,10,2,2,2
617,617,C_53.Basisphenoid anterior,left,13,10,2,2,2
618,618,C_53.Basisphenoid anterior,left,13,10,2,2,2
619,619,C_53.Basisphenoid anterior,left,13,10,2,2,2
620,620,C_54.Basisphenoid lateral,left,13,10,2,2,2
621,621,C_54.Basisphenoid lateral,left,13,10,2,2,2
622,622,C_54.Basisphenoid lateral,left,13,10,2,2,2
623,623,C_54.Basisphenoid lateral,left,13,10,2,2,2
624,624,C_54.Basisphenoid lateral,left,13,10,2,2,2
625,625,C_54.Basisphenoid lateral,left,13,10,2,2,2
626,626,C_54.Basisphenoid lateral,left,13,10,2,2,2
627,627,C_54.Basisphenoid lateral,left,13,10,2,2,2
628,628,C_54.Basisphenoid lateral,left,13,10,2,2,2
629,629,C_54.Basisphenoid lateral,left,13,10,2,2,2
630,630,C_54.Basisphenoid lateral,left,13,10,2,2,2
631,631,C_54.Basisphenoid lateral,left,13,10,2,2,2
632,632,C_54.Basisphenoid lateral,left,13,10,2,2,2
633,633,C_54.Basisphenoid lateral,left,13,10,2,2,2
634,634,C_54.Basisphenoid lateral,left,13,10,2,2,2
635,635,C_55.Basisphenoid posterior,left,13,10,2,2,2
636,636,C_55.Basisphenoid posterior,left,13,10,2,2,2
637,637,C_55.Basisphenoid posterior,left,13,10,2,2,2
638,638,C_55.Basisphenoid posterior,left,13,10,2,2,2
639,639,C_55.Basisphenoid posterior,left,13,10,2,2,2
640,640,C_56.Palatine midline,left,14,11,1,1,1
641,641,C_56.Palatine midline,left,14,11,1,1,1
642,642,C_56.Palatine midline,left,14,11,1,1,1
643,643,C_56.Palatine midline,left,14,11,1,1,1
644,644,C_56.Palatine midline,left,14,11,1,1,1
645,645,C_56.Palatine midline,left,14,11,1,1,1
646,646,C_56.Palatine midline,left,14,11,1,1,1
647,647,C_57.Palatine lateral,left,14,11,1,1,1
648,648,C_57.Palatine lateral,left,14,11,1,1,1
649,649,C_57.Palatine lateral,left,14,11,1,1,1
650,650,C_57.Palatine lateral,left,14,11,1,1,1
651,651,C_57.Palatine lateral,left,14,11,1,1,1
652,652,C_57.Palatine lateral,left,14,11,1,1,1
653,653,C_57.Palatine lateral,left,14,11,1,1,1
654,654,C_57.Palatine lateral,left,14,11,1,1,1
655,655,C_57.Palatine lateral,left,14,11,1,1,1
656,656,C_57.Palatine lateral,left,14,11,1,1,1
657,657,C_58.Palatine posterior lateral to pterygoid,left,14,11,1,1,1
658,658,C_58.Palatine posterior lateral to pterygoid,left,14,11,1,1,1
659,659,C_58.Palatine posterior lateral to pterygoid,left,14,11,1,1,1
660,660,C_58.Palatine posterior lateral to pterygoid,left,14,11,1,1,1
661,661,C_58.Palatine posterior lateral to pterygoid,left,14,11,1,1,1
662,662,C_58.Palatine posterior lateral to pterygoid,left,14,11,1,1,1
663,663,C_58.Palatine posterior lateral to pterygoid,left,14,11,1,1,1
664,664,C_59.Palatine-pterygoid to posterior midline,left,14,11,1,1,1
665,665,C_59.Palatine-pterygoid to posterior midline,left,14,11,1,1,1
666,666,C_59.Palatine-pterygoid to posterior midline,left,14,11,1,1,1
667,667,C_59.Palatine-pterygoid to posterior midline,left,14,11,1,1,1
668,668,C_59.Palatine-pterygoid to posterior midline,left,14,11,1,1,1
669,669,C_59.Palatine-pterygoid to posterior midline,left,14,11,1,1,1
670,670,C_59.Palatine-pterygoid to posterior midline,left,14,11,1,1,1
671,671,C_59.Palatine-pterygoid to posterior midline,left,14,11,1,1,1
672,672,C_59.Palatine-pterygoid to posterior midline,left,14,11,1,1,1
673,673,C_59.Palatine-pterygoid to posterior midline,left,14,11,1,1,1
674,674,C_60.Pterygoid ventral t o tip,left,15,12,1,1,1
675,675,C_60.Pterygoid ventral t o tip,left,15,12,1,1,1
676,676,C_61.Pterygoid posterior,left,15,12,1,1,1
677,677,C_61.Pterygoid posterior,left,15,12,1,1,1
678,678,C_61.Pterygoid posterior,left,15,12,1,1,1
679,679,C_61.Pterygoid posterior,left,15,12,1,1,1
680,680,C_62.Pterygoid base,left,15,12,1,1,1
681,681,C_62.Pterygoid base,left,15,12,1,1,1
682,682,C_62.Pterygoid base,left,15,12,1,1,1
683,683,C_62.Pterygoid base,left,15,12,1,1,1
684,684,C_62.Pterygoid base,left,15,12,1,1,1
685,685,C_62.Pterygoid base,left,15,12,1,1,1
686,686,C_63.Maxilla ventral midline,midline,16,13,1,1,1
687,687,C_63.Maxilla ventral midline,midline,16,13,1,1,1
688,688,C_63.Maxilla ventral midline,midline,16,13,1,1,1
689,689,C_63.Maxilla ventral midline,midline,16,13,1,1,1
690,690,C_63.Maxilla ventral midline,midline,16,13,1,1,1
691,691,C_63.Maxilla ventral midline,midline,16,13,1,1,1
692,692,C_63.Maxilla ventral midline,midline,16,13,1,1,1
693,693,C_63.Maxilla ventral midline,midline,16,13,1,1,1
694,694,C_63.Maxilla ventral midline,midline,16,13,1,1,1
695,695,C_63.Maxilla ventral midline,midline,16,13,1,1,1
696,696,C_64.Maxilla ventral anterior,left,16,13,1,1,1
697,697,C_64.Maxilla ventral anterior,left,16,13,1,1,1
698,698,C_64.Maxilla ventral anterior,left,16,13,1,1,1
699,699,C_64.Maxilla ventral anterior,left,16,13,1,1,1
700,700,C_64.Maxilla ventral anterior,left,16,13,1,1,1
701,701,C_65.Maxilla ventral lateral,left,16,13,1,1,1
702,702,C_65.Maxilla ventral lateral,left,16,13,1,1,1
703,703,C_65.Maxilla ventral lateral,left,16,13,1,1,1
704,704,C_65.Maxilla ventral lateral,left,16,13,1,1,1
705,705,C_65.Maxilla ventral lateral,left,16,13,1,1,1
706,706,C_65.Maxilla ventral lateral,left,16,13,1,1,1
707,707,C_65.Maxilla ventral lateral,left,16,13,1,1,1
708,708,C_65.Maxilla ventral lateral,left,16,13,1,1,1
709,709,C_65.Maxilla ventral lateral,left,16,13,1,1,1
710,710,C_65.Maxilla ventral lateral,left,16,13,1,1,1
711,711,C_65.Maxilla ventral lateral,left,16,13,1,1,1
712,712,C_65.Maxilla ventral lateral,left,16,13,1,1,1
713,713,C_65.Maxilla ventral lateral,left,16,13,1,1,1
714,714,C_65.Maxilla ventral lateral,left,16,13,1,1,1
715,715,C_65.Maxilla ventral lateral,left,16,13,1,1,1
716,716,C_65.Maxilla ventral lateral,left,16,13,1,1,1
717,717,C_65.Maxilla ventral lateral,left,16,13,1,1,1
718,718,C_65.Maxilla ventral lateral,left,16,13,1,1,1
719,719,C_65.Maxilla ventral lateral,left,16,13,1,1,1
720,720,C_65.Maxilla ventral lateral,left,16,13,1,1,1
721,721,C_66.Maxilla ventral posterior,left,16,13,1,1,1
722,722,C_66.Maxilla ventral posterior,left,16,13,1,1,1
723,723,C_66.Maxilla ventral posterior,left,16,13,1,1,1
724,724,C_66.Maxilla ventral posterior,left,16,13,1,1,1
725,725,C_66.Maxilla ventral posterior,left,16,13,1,1,1
726,726,C_66.Maxilla ventral posterior,left,16,13,1,1,1
727,727,C_66.Maxilla ventral posterior,left,16,13,1,1,1
728,728,C_66.Maxilla ventral posterior,left,16,13,1,1,1
729,729,C_66.Maxilla ventral posterior,left,16,13,1,1,1
730,730,C_66.Maxilla ventral posterior,left,16,13,1,1,1
731,731,C_66.Maxilla ventral posterior,left,16,13,1,1,1
732,732,C_66.Maxilla ventral posterior,left,16,13,1,1,1
733,733,C_67.Premaxilla ventral posterior,left,17,14,1,1,1
734,734,C_67.Premaxilla ventral posterior,left,17,14,1,1,1
735,735,C_67.Premaxilla ventral posterior,left,17,14,1,1,1
736,736,C_67.Premaxilla ventral posterior,left,17,14,1,1,1
737,737,C_67.Premaxilla ventral posterior,left,17,14,1,1,1
738,738,C_67.Premaxilla ventral posterior,left,17,14,1,1,1
739,739,C_67.Premaxilla ventral posterior,left,17,14,1,1,1
740,740,C_67.Premaxilla ventral posterior,left,17,14,1,1,1
741,741,C_68.Premaxilla ventral lateral,left,17,14,1,1,1
742,742,C_68.Premaxilla ventral lateral,left,17,14,1,1,1
743,743,C_68.Premaxilla ventral lateral,left,17,14,1,1,1
744,744,C_68.Premaxilla ventral lateral,left,17,14,1,1,1
745,745,C_68.Premaxilla ventral lateral,left,17,14,1,1,1
746,746,C_68.Premaxilla ventral lateral,left,17,14,1,1,1
747,747,C_69.Premaxilla ventral medial,left,17,14,1,1,1
748,748,C_69.Premaxilla ventral medial,left,17,14,1,1,1
749,749,C_69.Premaxilla ventral medial,left,17,14,1,1,1
750,750,C_69.Premaxilla ventral medial,left,17,14,1,1,1
751,751,C_69.Premaxilla ventral medial,left,17,14,1,1,1
752,752,C_69.Premaxilla ventral medial,left,17,14,1,1,1
753,753,C_69.Premaxilla ventral medial,left,17,14,1,1,1
754,754,C_69.Premaxilla ventral medial,left,17,14,1,1,1
