,Color,Module,Type,,,,Goswami6,Cheverud6
1,nasal,nasal,landmark,,,,,
2,nasal,nasal,landmark,,,,,
3,nasal,nasal,landmark,,,,,
4,nasal,nasal,landmark,,,,,
5,premax_d,premax_d,landmark,,,,,
6,premax_d,premax_d,landmark,,,,,
7,premax_d,premax_d,landmark,,,,,
8,premax_d,premax_d,landmark,,,,,
9,max_d,max_d,landmark,,,,,
10,max_d,max_d,landmark,,,,,
11,max_d,max_d,landmark,,,,,
12,max_d,max_d,landmark,,,,,
13,max_d,max_d,landmark,,,,,
14,max_d,max_d,landmark,,,,,
15,max_d,max_d,landmark,,,,,
16,jugal,jugal,landmark,,,,,
17,jugal,jugal,landmark,,,,,
18,jugal,jugal,landmark,,,,,
19,frontal,frontal,landmark,,,,,
20,frontal,frontal,landmark,,,,,
21,frontal,frontal,landmark,,,,,
22,frontal,frontal,landmark,,,,,
23,frontal,frontal,landmark,,,,,
24,frontal,frontal,landmark,,,,,
25,parietal,parietal,landmark,,,,,
26,parietal,parietal,landmark,,,,,
27,parietal,parietal,landmark,,,,,
28,parietal,parietal,landmark,,,,,
29,parietal,parietal,landmark,,,,,
30,squamosal,squam_v,landmark,,,,,
31,squamosal,squam_v,landmark,,,,,
32,squamosal,squam_z,landmark,,,,,
33,squamosal,squam_z,landmark,,,,,
34,glenoid,glenoid,landmark,,,,,
35,glenoid,glenoid,landmark,,,,,
36,squamosal,squam_v,landmark,,,,,
37,squamosal,squam_v,landmark,,,,,
38,supraocc,supraocc,landmark,,,,,
39,supraocc,supraocc,landmark,,,,,
40,supraocc,supraocc,landmark,,,,,
41,occ_cond,occ_cond,landmark,,,,,
42,occ_cond,occ_cond,landmark,,,,,
43,supraocc,supraocc,landmark,,,,,
44,supraocc,supraocc,landmark,,,,,
45,supraocc,supraocc,landmark,,,,,
46,occ_cond,occ_cond,landmark,,,,,
47,occ_cond,occ_cond,landmark,,,,,
48,basiocc,basiocc,landmark,,,,,
49,basiocc,basiocc,landmark,,,,,
50,basiocc,basiocc,landmark,,,,,
51,basisph,basisph,landmark,,,,,
52,basisph,basisph,landmark,,,,,
53,basisph,basisph,landmark,,,,,
54,basisph,basisph,landmark,,,,,
55,palatine,palatine,landmark,,,,,
56,palatine,palatine,landmark,,,,,
57,palatine,palatine,landmark,,,,,
58,palatine,palatine,landmark,,,,,
59,pterygoid,pterygoid,landmark,,,,,
60,pterygoid,pterygoid,landmark,,,,,
61,max_v,max_v,landmark,,,,,
62,max_v,max_v,landmark,,,,,
63,max_v,max_v,landmark,,,,,
64,premax_v,premax_v,landmark,,,,,
65,premax_v,premax_v,landmark,,,,,
66,premax_v,premax_v,landmark,,,,,
1,nasal,nasal,curve,,,,,
2,nasal,nasal,curve,,,,,
3,nasal,nasal,curve,,,,,
4,nasal,nasal,curve,,,,,
5,nasal,nasal,curve,,,,,
6,nasal,nasal,curve,,,,,
7,nasal,nasal,curve,,,,,
8,nasal,nasal,curve,,,,,
9,nasal,nasal,curve,,,,,
10,nasal,nasal,curve,,,,,
11,nasal,nasal,curve,,,,,
12,nasal,nasal,curve,,,,,
13,nasal,nasal,curve,,,,,
14,nasal,nasal,curve,,,,,
15,nasal,nasal,curve,,,,,
16,nasal,nasal,curve,,,,,
17,nasal,nasal,curve,,,,,
18,nasal,nasal,curve,,,,,
19,nasal,nasal,curve,,,,,
20,nasal,nasal,curve,,,,,
21,nasal,nasal,curve,,,,,
22,nasal,nasal,curve,,,,,
23,nasal,nasal,curve,,,,,
24,nasal,nasal,curve,,,,,
25,nasal,nasal,curve,,,,,
26,nasal,nasal,curve,,,,,
27,nasal,nasal,curve,,,,,
28,nasal,nasal,curve,,,,,
29,nasal,nasal,curve,,,,,
30,nasal,nasal,curve,,,,,
31,nasal,nasal,curve,,,,,
32,nasal,nasal,curve,,,,,
33,nasal,nasal,curve,,,,,
34,nasal,nasal,curve,,,,,
35,nasal,nasal,curve,,,,,
36,nasal,nasal,curve,,,,,
37,nasal,nasal,curve,,,,,
38,nasal,nasal,curve,,,,,
39,nasal,nasal,curve,,,,,
40,nasal,nasal,curve,,,,,
41,nasal,nasal,curve,,,,,
42,nasal,nasal,curve,,,,,
43,nasal,nasal,curve,,,,,
44,nasal,nasal,curve,,,,,
45,nasal,nasal,curve,,,,,
46,nasal,nasal,curve,,,,,
47,nasal,nasal,curve,,,,,
48,nasal,nasal,curve,,,,,
49,nasal,nasal,curve,,,,,
50,nasal,nasal,curve,,,,,
51,nasal,nasal,curve,,,,,
52,nasal,nasal,curve,,,,,
53,nasal,nasal,curve,,,,,
54,nasal,nasal,curve,,,,,
55,nasal,nasal,curve,,,,,
56,nasal,nasal,curve,,,,,
57,nasal,nasal,curve,,,,,
58,nasal,nasal,curve,,,,,
59,nasal,nasal,curve,,,,,
60,nasal,nasal,curve,,,,,
61,premax_d,premax_d,curve,,,,,
62,premax_d,premax_d,curve,,,,,
63,premax_d,premax_d,curve,,,,,
64,premax_d,premax_d,curve,,,,,
65,premax_d,premax_d,curve,,,,,
66,premax_d,premax_d,curve,,,,,
67,premax_d,premax_d,curve,,,,,
68,premax_d,premax_d,curve,,,,,
69,premax_d,premax_d,curve,,,,,
70,premax_d,premax_d,curve,,,,,
71,premax_d,premax_d,curve,,,,,
72,premax_d,premax_d,curve,,,,,
73,premax_d,premax_d,curve,,,,,
74,premax_d,premax_d,curve,,,,,
75,premax_d,premax_d,curve,,,,,
76,premax_d,premax_d,curve,,,,,
77,premax_d,premax_d,curve,,,,,
78,premax_d,premax_d,curve,,,,,
79,premax_d,premax_d,curve,,,,,
80,premax_d,premax_d,curve,,,,,
81,premax_d,premax_d,curve,,,,,
82,premax_d,premax_d,curve,,,,,
83,premax_d,premax_d,curve,,,,,
84,premax_d,premax_d,curve,,,,,
85,premax_d,premax_d,curve,,,,,
86,premax_d,premax_d,curve,,,,,
87,premax_d,premax_d,curve,,,,,
88,premax_d,premax_d,curve,,,,,
89,premax_d,premax_d,curve,,,,,
90,premax_d,premax_d,curve,,,,,
91,premax_d,premax_d,curve,,,,,
92,premax_d,premax_d,curve,,,,,
93,premax_d,premax_d,curve,,,,,
94,premax_d,premax_d,curve,,,,,
95,premax_d,premax_d,curve,,,,,
96,premax_d,premax_d,curve,,,,,
97,premax_d,premax_d,curve,,,,,
98,premax_d,premax_d,curve,,,,,
99,premax_d,premax_d,curve,,,,,
100,premax_d,premax_d,curve,,,,,
101,premax_d,premax_d,curve,,,,,
102,premax_d,premax_d,curve,,,,,
103,premax_d,premax_d,curve,,,,,
104,premax_d,premax_d,curve,,,,,
105,premax_d,premax_d,curve,,,,,
106,premax_d,premax_d,curve,,,,,
107,premax_d,premax_d,curve,,,,,
108,premax_d,premax_d,curve,,,,,
109,premax_d,premax_d,curve,,,,,
110,premax_d,premax_d,curve,,,,,
111,max_d,max_d,curve,,,,,
112,max_d,max_d,curve,,,,,
113,max_d,max_d,curve,,,,,
114,max_d,max_d,curve,,,,,
115,max_d,max_d,curve,,,,,
116,max_d,max_d,curve,,,,,
117,max_d,max_d,curve,,,,,
118,max_d,max_d,curve,,,,,
119,max_d,max_d,curve,,,,,
120,max_d,max_d,curve,,,,,
121,max_d,max_d,curve,,,,,
122,max_d,max_d,curve,,,,,
123,max_d,max_d,curve,,,,,
124,max_d,max_d,curve,,,,,
125,max_d,max_d,curve,,,,,
126,max_d,max_d,curve,,,,,
127,max_d,max_d,curve,,,,,
128,max_d,max_d,curve,,,,,
129,max_d,max_d,curve,,,,,
130,max_d,max_d,curve,,,,,
131,max_d,max_d,curve,,,,,
132,max_d,max_d,curve,,,,,
133,max_d,max_d,curve,,,,,
134,max_d,max_d,curve,,,,,
135,max_d,max_d,curve,,,,,
136,max_d,max_d,curve,,,,,
137,max_d,max_d,curve,,,,,
138,max_d,max_d,curve,,,,,
139,max_d,max_d,curve,,,,,
140,max_d,max_d,curve,,,,,
141,max_d,max_d,curve,,,,,
142,max_d,max_d,curve,,,,,
143,max_d,max_d,curve,,,,,
144,max_d,max_d,curve,,,,,
145,max_d,max_d,curve,,,,,
146,max_d,max_d,curve,,,,,
147,max_d,max_d,curve,,,,,
148,max_d,max_d,curve,,,,,
149,max_d,max_d,curve,,,,,
150,max_d,max_d,curve,,,,,
151,max_d,max_d,curve,,,,,
152,max_d,max_d,curve,,,,,
153,max_d,max_d,curve,,,,,
154,max_d,max_d,curve,,,,,
155,max_d,max_d,curve,,,,,
156,max_d,max_d,curve,,,,,
157,max_d,max_d,curve,,,,,
158,max_d,max_d,curve,,,,,
159,max_d,max_d,curve,,,,,
160,max_d,max_d,curve,,,,,
161,max_d,max_d,curve,,,,,
162,max_d,max_d,curve,,,,,
163,max_d,max_d,curve,,,,,
164,max_d,max_d,curve,,,,,
165,max_d,max_d,curve,,,,,
166,max_d,max_d,curve,,,,,
167,max_d,max_d,curve,,,,,
168,max_d,max_d,curve,,,,,
169,max_d,max_d,curve,,,,,
170,max_d,max_d,curve,,,,,
171,max_d,max_d,curve,,,,,
172,max_d,max_d,curve,,,,,
173,max_d,max_d,curve,,,,,
174,max_d,max_d,curve,,,,,
175,max_d,max_d,curve,,,,,
176,max_d,max_d,curve,,,,,
177,max_d,max_d,curve,,,,,
178,max_d,max_d,curve,,,,,
179,max_d,max_d,curve,,,,,
180,max_d,max_d,curve,,,,,
181,max_d,max_d,curve,,,,,
182,max_d,max_d,curve,,,,,
183,max_d,max_d,curve,,,,,
184,max_d,max_d,curve,,,,,
185,max_d,max_d,curve,,,,,
186,jugal,jugal,curve,,,,,
187,jugal,jugal,curve,,,,,
188,jugal,jugal,curve,,,,,
189,jugal,jugal,curve,,,,,
190,jugal,jugal,curve,,,,,
191,jugal,jugal,curve,,,,,
192,jugal,jugal,curve,,,,,
193,jugal,jugal,curve,,,,,
194,jugal,jugal,curve,,,,,
195,jugal,jugal,curve,,,,,
196,jugal,jugal,curve,,,,,
197,jugal,jugal,curve,,,,,
198,jugal,jugal,curve,,,,,
199,jugal,jugal,curve,,,,,
200,jugal,jugal,curve,,,,,
201,jugal,jugal,curve,,,,,
202,jugal,jugal,curve,,,,,
203,jugal,jugal,curve,,,,,
204,jugal,jugal,curve,,,,,
205,jugal,jugal,curve,,,,,
206,jugal,jugal,curve,,,,,
207,jugal,jugal,curve,,,,,
208,jugal,jugal,curve,,,,,
209,jugal,jugal,curve,,,,,
210,jugal,jugal,curve,,,,,
211,jugal,jugal,curve,,,,,
212,jugal,jugal,curve,,,,,
213,jugal,jugal,curve,,,,,
214,jugal,jugal,curve,,,,,
215,jugal,jugal,curve,,,,,
216,jugal,jugal,curve,,,,,
217,jugal,jugal,curve,,,,,
218,jugal,jugal,curve,,,,,
219,jugal,jugal,curve,,,,,
220,jugal,jugal,curve,,,,,
221,jugal,jugal,curve,,,,,
222,jugal,jugal,curve,,,,,
223,jugal,jugal,curve,,,,,
224,jugal,jugal,curve,,,,,
225,jugal,jugal,curve,,,,,
226,jugal,jugal,curve,,,,,
227,jugal,jugal,curve,,,,,
228,jugal,jugal,curve,,,,,
229,frontal,frontal,curve,,,,,
230,frontal,frontal,curve,,,,,
231,frontal,frontal,curve,,,,,
232,frontal,frontal,curve,,,,,
233,frontal,frontal,curve,,,,,
234,frontal,frontal,curve,,,,,
235,frontal,frontal,curve,,,,,
236,frontal,frontal,curve,,,,,
237,frontal,frontal,curve,,,,,
238,frontal,frontal,curve,,,,,
239,frontal,frontal,curve,,,,,
240,frontal,frontal,curve,,,,,
241,frontal,frontal,curve,,,,,
242,frontal,frontal,curve,,,,,
243,frontal,frontal,curve,,,,,
244,frontal,frontal,curve,,,,,
245,frontal,frontal,curve,,,,,
246,frontal,frontal,curve,,,,,
247,frontal,frontal,curve,,,,,
248,frontal,frontal,curve,,,,,
249,frontal,frontal,curve,,,,,
250,frontal,frontal,curve,,,,,
251,frontal,frontal,curve,,,,,
252,frontal,frontal,curve,,,,,
253,frontal,frontal,curve,,,,,
254,frontal,frontal,curve,,,,,
255,frontal,frontal,curve,,,,,
256,frontal,frontal,curve,,,,,
257,frontal,frontal,curve,,,,,
258,frontal,frontal,curve,,,,,
259,frontal,frontal,curve,,,,,
260,frontal,frontal,curve,,,,,
261,frontal,frontal,curve,,,,,
262,frontal,frontal,curve,,,,,
263,frontal,frontal,curve,,,,,
264,frontal,frontal,curve,,,,,
265,frontal,frontal,curve,,,,,
266,frontal,frontal,curve,,,,,
267,frontal,frontal,curve,,,,,
268,frontal,frontal,curve,,,,,
269,frontal,frontal,curve,,,,,
270,frontal,frontal,curve,,,,,
271,frontal,frontal,curve,,,,,
272,frontal,frontal,curve,,,,,
273,frontal,frontal,curve,,,,,
274,frontal,frontal,curve,,,,,
275,frontal,frontal,curve,,,,,
276,frontal,frontal,curve,,,,,
277,frontal,frontal,curve,,,,,
278,frontal,frontal,curve,,,,,
279,frontal,frontal,curve,,,,,
280,frontal,frontal,curve,,,,,
281,frontal,frontal,curve,,,,,
282,frontal,frontal,curve,,,,,
283,frontal,frontal,curve,,,,,
284,frontal,frontal,curve,,,,,
285,frontal,frontal,curve,,,,,
286,frontal,frontal,curve,,,,,
287,frontal,frontal,curve,,,,,
288,frontal,frontal,curve,,,,,
289,frontal,frontal,curve,,,,,
290,frontal,frontal,curve,,,,,
291,frontal,frontal,curve,,,,,
292,frontal,frontal,curve,,,,,
293,frontal,frontal,curve,,,,,
294,frontal,frontal,curve,,,,,
295,frontal,frontal,curve,,,,,
296,frontal,frontal,curve,,,,,
297,frontal,frontal,curve,,,,,
298,frontal,frontal,curve,,,,,
299,frontal,frontal,curve,,,,,
300,frontal,frontal,curve,,,,,
301,frontal,frontal,curve,,,,,
302,frontal,frontal,curve,,,,,
303,frontal,frontal,curve,,,,,
304,frontal,frontal,curve,,,,,
305,parietal,parietal,curve,,,,,
306,parietal,parietal,curve,,,,,
307,parietal,parietal,curve,,,,,
308,parietal,parietal,curve,,,,,
309,parietal,parietal,curve,,,,,
310,parietal,parietal,curve,,,,,
311,parietal,parietal,curve,,,,,
312,parietal,parietal,curve,,,,,
313,parietal,parietal,curve,,,,,
314,parietal,parietal,curve,,,,,
315,parietal,parietal,curve,,,,,
316,parietal,parietal,curve,,,,,
317,parietal,parietal,curve,,,,,
318,parietal,parietal,curve,,,,,
319,parietal,parietal,curve,,,,,
320,parietal,parietal,curve,,,,,
321,parietal,parietal,curve,,,,,
322,parietal,parietal,curve,,,,,
323,parietal,parietal,curve,,,,,
324,parietal,parietal,curve,,,,,
325,parietal,parietal,curve,,,,,
326,parietal,parietal,curve,,,,,
327,parietal,parietal,curve,,,,,
328,parietal,parietal,curve,,,,,
329,parietal,parietal,curve,,,,,
330,parietal,parietal,curve,,,,,
331,parietal,parietal,curve,,,,,
332,parietal,parietal,curve,,,,,
333,parietal,parietal,curve,,,,,
334,parietal,parietal,curve,,,,,
335,parietal,parietal,curve,,,,,
336,parietal,parietal,curve,,,,,
337,parietal,parietal,curve,,,,,
338,parietal,parietal,curve,,,,,
339,parietal,parietal,curve,,,,,
340,parietal,parietal,curve,,,,,
341,parietal,parietal,curve,,,,,
342,parietal,parietal,curve,,,,,
343,parietal,parietal,curve,,,,,
344,parietal,parietal,curve,,,,,
345,parietal,parietal,curve,,,,,
346,parietal,parietal,curve,,,,,
347,parietal,parietal,curve,,,,,
348,parietal,parietal,curve,,,,,
349,parietal,parietal,curve,,,,,
350,parietal,parietal,curve,,,,,
351,parietal,parietal,curve,,,,,
352,parietal,parietal,curve,,,,,
353,parietal,parietal,curve,,,,,
354,parietal,parietal,curve,,,,,
355,parietal,parietal,curve,,,,,
356,parietal,parietal,curve,,,,,
357,parietal,parietal,curve,,,,,
358,parietal,parietal,curve,,,,,
359,parietal,parietal,curve,,,,,
360,parietal,parietal,curve,,,,,
361,parietal,parietal,curve,,,,,
362,parietal,parietal,curve,,,,,
363,parietal,parietal,curve,,,,,
364,parietal,parietal,curve,,,,,
365,parietal,parietal,curve,,,,,
366,parietal,parietal,curve,,,,,
367,glenoid,glenoid,curve,,,,,
368,glenoid,glenoid,curve,,,,,
369,glenoid,glenoid,curve,,,,,
370,glenoid,glenoid,curve,,,,,
371,glenoid,glenoid,curve,,,,,
372,glenoid,glenoid,curve,,,,,
373,glenoid,glenoid,curve,,,,,
374,glenoid,glenoid,curve,,,,,
375,glenoid,glenoid,curve,,,,,
376,glenoid,glenoid,curve,,,,,
377,glenoid,glenoid,curve,,,,,
378,glenoid,glenoid,curve,,,,,
379,glenoid,glenoid,curve,,,,,
380,glenoid,glenoid,curve,,,,,
381,glenoid,glenoid,curve,,,,,
382,glenoid,glenoid,curve,,,,,
383,squamosal,squam_z,curve,,,,,
384,squamosal,squam_z,curve,,,,,
385,squamosal,squam_z,curve,,,,,
386,squamosal,squam_z,curve,,,,,
387,squamosal,squam_z,curve,,,,,
388,squamosal,squam_z,curve,,,,,
389,squamosal,squam_z,curve,,,,,
390,squamosal,squam_z,curve,,,,,
391,squamosal,squam_z,curve,,,,,
392,squamosal,squam_z,curve,,,,,
393,squamosal,squam_z,curve,,,,,
394,squamosal,squam_z,curve,,,,,
395,squamosal,squam_z,curve,,,,,
396,squamosal,squam_z,curve,,,,,
397,squamosal,squam_z,curve,,,,,
398,squamosal,squam_z,curve,,,,,
399,squamosal,squam_z,curve,,,,,
400,squamosal,squam_z,curve,,,,,
401,squamosal,squam_z,curve,,,,,
402,squamosal,squam_z,curve,,,,,
403,squamosal,squam_z,curve,,,,,
404,squamosal,squam_z,curve,,,,,
405,squamosal,squam_z,curve,,,,,
406,squamosal,squam_v,curve,,,,,
407,squamosal,squam_v,curve,,,,,
408,squamosal,squam_v,curve,,,,,
409,squamosal,squam_v,curve,,,,,
410,squamosal,squam_v,curve,,,,,
411,squamosal,squam_v,curve,,,,,
412,squamosal,squam_v,curve,,,,,
413,squamosal,squam_v,curve,,,,,
414,squamosal,squam_v,curve,,,,,
415,squamosal,squam_v,curve,,,,,
416,squamosal,squam_v,curve,,,,,
417,squamosal,squam_v,curve,,,,,
418,squamosal,squam_v,curve,,,,,
419,squamosal,squam_v,curve,,,,,
420,squamosal,squam_v,curve,,,,,
421,squamosal,squam_v,curve,,,,,
422,squamosal,squam_v,curve,,,,,
423,squamosal,squam_v,curve,,,,,
424,squamosal,squam_v,curve,,,,,
425,squamosal,squam_v,curve,,,,,
426,squamosal,squam_v,curve,,,,,
427,squamosal,squam_v,curve,,,,,
428,squamosal,squam_v,curve,,,,,
429,squamosal,squam_v,curve,,,,,
430,squamosal,squam_v,curve,,,,,
431,squamosal,squam_v,curve,,,,,
432,squamosal,squam_v,curve,,,,,
433,squamosal,squam_v,curve,,,,,
434,squamosal,squam_v,curve,,,,,
435,squamosal,squam_v,curve,,,,,
436,squamosal,squam_v,curve,,,,,
437,squamosal,squam_v,curve,,,,,
438,squamosal,squam_v,curve,,,,,
439,supraocc,supraocc,curve,,,,,
440,supraocc,supraocc,curve,,,,,
441,supraocc,supraocc,curve,,,,,
442,supraocc,supraocc,curve,,,,,
443,supraocc,supraocc,curve,,,,,
444,supraocc,supraocc,curve,,,,,
445,supraocc,supraocc,curve,,,,,
446,supraocc,supraocc,curve,,,,,
447,supraocc,supraocc,curve,,,,,
448,supraocc,supraocc,curve,,,,,
449,supraocc,supraocc,curve,,,,,
450,supraocc,supraocc,curve,,,,,
451,supraocc,supraocc,curve,,,,,
452,supraocc,supraocc,curve,,,,,
453,supraocc,supraocc,curve,,,,,
454,supraocc,supraocc,curve,,,,,
455,supraocc,supraocc,curve,,,,,
456,supraocc,supraocc,curve,,,,,
457,supraocc,supraocc,curve,,,,,
458,supraocc,supraocc,curve,,,,,
459,supraocc,supraocc,curve,,,,,
460,supraocc,supraocc,curve,,,,,
461,supraocc,supraocc,curve,,,,,
462,supraocc,supraocc,curve,,,,,
463,supraocc,supraocc,curve,,,,,
464,supraocc,supraocc,curve,,,,,
465,supraocc,supraocc,curve,,,,,
466,supraocc,supraocc,curve,,,,,
467,supraocc,supraocc,curve,,,,,
468,supraocc,supraocc,curve,,,,,
469,supraocc,supraocc,curve,,,,,
470,supraocc,supraocc,curve,,,,,
471,supraocc,supraocc,curve,,,,,
472,supraocc,supraocc,curve,,,,,
473,supraocc,supraocc,curve,,,,,
474,supraocc,supraocc,curve,,,,,
475,supraocc,supraocc,curve,,,,,
476,supraocc,supraocc,curve,,,,,
477,supraocc,supraocc,curve,,,,,
478,supraocc,supraocc,curve,,,,,
479,supraocc,supraocc,curve,,,,,
480,supraocc,supraocc,curve,,,,,
481,supraocc,supraocc_cond,curve,,,,,
482,supraocc,supraocc_cond,curve,,,,,
483,supraocc,supraocc_cond,curve,,,,,
484,supraocc,supraocc_cond,curve,,,,,
485,supraocc,supraocc_cond,curve,,,,,
486,supraocc,supraocc_cond,curve,,,,,
487,supraocc,supraocc_cond,curve,,,,,
488,supraocc,supraocc_cond,curve,,,,,
489,supraocc,supraocc_cond,curve,,,,,
490,supraocc,supraocc_cond,curve,,,,,
491,supraocc,supraocc_cond,curve,,,,,
492,supraocc,supraocc_cond,curve,,,,,
493,supraocc,supraocc_cond,curve,,,,,
494,supraocc,supraocc_cond,curve,,,,,
495,occ_cond,occ_cond,curve,,,,,
496,occ_cond,occ_cond,curve,,,,,
497,occ_cond,occ_cond,curve,,,,,
498,occ_cond,occ_cond,curve,,,,,
499,occ_cond,occ_cond,curve,,,,,
500,occ_cond,occ_cond,curve,,,,,
501,occ_cond,occ_cond,curve,,,,,
502,occ_cond,occ_cond,curve,,,,,
503,occ_cond,occ_cond,curve,,,,,
504,occ_cond,occ_cond,curve,,,,,
505,occ_cond,occ_cond,curve,,,,,
506,occ_cond,occ_cond,curve,,,,,
507,occ_cond,occ_cond,curve,,,,,
508,occ_cond,occ_cond,curve,,,,,
509,occ_cond,occ_cond,curve,,,,,
510,occ_cond,occ_cond,curve,,,,,
511,occ_cond,occ_cond,curve,,,,,
512,occ_cond,occ_cond,curve,,,,,
513,occ_cond,occ_cond,curve,,,,,
514,occ_cond,occ_cond,curve,,,,,
515,basiocc,basiocc,curve,,,,,
516,basiocc,basiocc,curve,,,,,
517,basiocc,basiocc,curve,,,,,
518,basiocc,basiocc,curve,,,,,
519,basiocc,basiocc,curve,,,,,
520,basiocc,basiocc,curve,,,,,
521,basiocc,basiocc,curve,,,,,
522,basiocc,basiocc,curve,,,,,
523,basiocc,basiocc,curve,,,,,
524,basiocc,basiocc,curve,,,,,
525,basiocc,basiocc,curve,,,,,
526,basiocc,basiocc,curve,,,,,
527,basiocc,basiocc,curve,,,,,
528,basiocc,basiocc,curve,,,,,
529,basiocc,basiocc,curve,,,,,
530,basiocc,basiocc,curve,,,,,
531,basiocc,basiocc,curve,,,,,
532,basiocc,basiocc,curve,,,,,
533,basiocc,basiocc,curve,,,,,
534,basiocc,basiocc,curve,,,,,
535,basiocc,basiocc,curve,,,,,
536,basiocc,basiocc,curve,,,,,
537,basiocc,basiocc,curve,,,,,
538,basiocc,basiocc,curve,,,,,
539,basisph,basisph,curve,,,,,
540,basisph,basisph,curve,,,,,
541,basisph,basisph,curve,,,,,
542,basisph,basisph,curve,,,,,
543,basisph,basisph,curve,,,,,
544,basisph,basisph,curve,,,,,
545,basisph,basisph,curve,,,,,
546,basisph,basisph,curve,,,,,
547,basisph,basisph,curve,,,,,
548,basisph,basisph,curve,,,,,
549,basisph,basisph,curve,,,,,
550,basisph,basisph,curve,,,,,
551,basisph,basisph,curve,,,,,
552,basisph,basisph,curve,,,,,
553,basisph,basisph,curve,,,,,
554,basisph,basisph,curve,,,,,
555,basisph,basisph,curve,,,,,
556,basisph,basisph,curve,,,,,
557,basisph,basisph,curve,,,,,
558,basisph,basisph,curve,,,,,
559,basisph,basisph,curve,,,,,
560,basisph,basisph,curve,,,,,
561,basisph,basisph,curve,,,,,
562,basisph,basisph,curve,,,,,
563,basisph,basisph,curve,,,,,
564,basisph,basisph,curve,,,,,
565,basisph,basisph,curve,,,,,
566,basisph,basisph,curve,,,,,
567,basisph,basisph,curve,,,,,
568,basisph,basisph,curve,,,,,
569,basisph,basisph,curve,,,,,
570,basisph,basisph,curve,,,,,
571,basisph,basisph,curve,,,,,
572,basisph,basisph,curve,,,,,
573,basisph,basisph,curve,,,,,
574,palatine,palatine,curve,,,,,
575,palatine,palatine,curve,,,,,
576,palatine,palatine,curve,,,,,
577,palatine,palatine,curve,,,,,
578,palatine,palatine,curve,,,,,
579,palatine,palatine,curve,,,,,
580,palatine,palatine,curve,,,,,
581,palatine,palatine,curve,,,,,
582,palatine,palatine,curve,,,,,
583,palatine,palatine,curve,,,,,
584,palatine,palatine,curve,,,,,
585,palatine,palatine,curve,,,,,
586,palatine,palatine,curve,,,,,
587,palatine,palatine,curve,,,,,
588,palatine,palatine,curve,,,,,
589,palatine,palatine,curve,,,,,
590,palatine,palatine,curve,,,,,
591,palatine,palatine,curve,,,,,
592,palatine,palatine,curve,,,,,
593,palatine,palatine,curve,,,,,
594,palatine,palatine,curve,,,,,
595,palatine,palatine,curve,,,,,
596,palatine,palatine,curve,,,,,
597,palatine,palatine,curve,,,,,
598,palatine,palatine,curve,,,,,
599,palatine,palatine,curve,,,,,
600,palatine,palatine,curve,,,,,
601,palatine,palatine,curve,,,,,
602,palatine,palatine,curve,,,,,
603,palatine,palatine,curve,,,,,
604,palatine,palatine,curve,,,,,
605,palatine,palatine,curve,,,,,
606,palatine,palatine,curve,,,,,
607,palatine,palatine,curve,,,,,
608,pterygoid,pterygoid,curve,,,,,
609,pterygoid,pterygoid,curve,,,,,
610,pterygoid,pterygoid,curve,,,,,
611,pterygoid,pterygoid,curve,,,,,
612,pterygoid,pterygoid,curve,,,,,
613,pterygoid,pterygoid,curve,,,,,
614,pterygoid,pterygoid,curve,,,,,
615,pterygoid,pterygoid,curve,,,,,
616,pterygoid,pterygoid,curve,,,,,
617,pterygoid,pterygoid,curve,,,,,
618,pterygoid,pterygoid,curve,,,,,
619,pterygoid,pterygoid,curve,,,,,
620,max_v,max_v,curve,,,,,
621,max_v,max_v,curve,,,,,
622,max_v,max_v,curve,,,,,
623,max_v,max_v,curve,,,,,
624,max_v,max_v,curve,,,,,
625,max_v,max_v,curve,,,,,
626,max_v,max_v,curve,,,,,
627,max_v,max_v,curve,,,,,
628,max_v,max_v,curve,,,,,
629,max_v,max_v,curve,,,,,
630,max_v,max_v,curve,,,,,
631,max_v,max_v,curve,,,,,
632,max_v,max_v,curve,,,,,
633,max_v,max_v,curve,,,,,
634,max_v,max_v,curve,,,,,
635,max_v,max_v,curve,,,,,
636,max_v,max_v,curve,,,,,
637,max_v,max_v,curve,,,,,
638,max_v,max_v,curve,,,,,
639,max_v,max_v,curve,,,,,
640,max_v,max_v,curve,,,,,
641,max_v,max_v,curve,,,,,
642,max_v,max_v,curve,,,,,
643,max_v,max_v,curve,,,,,
644,max_v,max_v,curve,,,,,
645,max_v,max_v,curve,,,,,
646,max_v,max_v,curve,,,,,
647,max_v,max_v,curve,,,,,
648,max_v,max_v,curve,,,,,
649,max_v,max_v,curve,,,,,
650,max_v,max_v,curve,,,,,
651,max_v,max_v,curve,,,,,
652,max_v,max_v,curve,,,,,
653,max_v,max_v,curve,,,,,
654,max_v,max_v,curve,,,,,
655,max_v,max_v,curve,,,,,
656,max_v,max_v,curve,,,,,
657,max_v,max_v,curve,,,,,
658,max_v,max_v,curve,,,,,
659,max_v,max_v,curve,,,,,
660,max_v,max_v,curve,,,,,
661,max_v,max_v,curve,,,,,
662,max_v,max_v,curve,,,,,
663,max_v,max_v,curve,,,,,
664,max_v,max_v,curve,,,,,
665,max_v,max_v,curve,,,,,
666,max_v,max_v,curve,,,,,
667,premax_v,premax_v,curve,,,,,
668,premax_v,premax_v,curve,,,,,
669,premax_v,premax_v,curve,,,,,
670,premax_v,premax_v,curve,,,,,
671,premax_v,premax_v,curve,,,,,
672,premax_v,premax_v,curve,,,,,
673,premax_v,premax_v,curve,,,,,
674,premax_v,premax_v,curve,,,,,
675,premax_v,premax_v,curve,,,,,
676,premax_v,premax_v,curve,,,,,
677,premax_v,premax_v,curve,,,,,
678,premax_v,premax_v,curve,,,,,
679,premax_v,premax_v,curve,,,,,
680,premax_v,premax_v,curve,,,,,
681,premax_v,premax_v,curve,,,,,
682,premax_v,premax_v,curve,,,,,
683,premax_v,premax_v,curve,,,,,
684,premax_v,premax_v,curve,,,,,
685,premax_v,premax_v,curve,,,,,
686,premax_v,premax_v,curve,,,,,
687,premax_v,premax_v,curve,,,,,
688,premax_v,premax_v,curve,,,,,
67,nasal,nasal,patch,,,,,
68,nasal,nasal,patch,,,,,
69,nasal,nasal,patch,,,,,
70,nasal,nasal,patch,,,,,
71,nasal,nasal,patch,,,,,
72,nasal,nasal,patch,,,,,
73,nasal,nasal,patch,,,,,
74,nasal,nasal,patch,,,,,
75,nasal,nasal,patch,,,,,
76,nasal,nasal,patch,,,,,
77,nasal,nasal,patch,,,,,
78,nasal,nasal,patch,,,,,
79,nasal,nasal,patch,,,,,
80,nasal,nasal,patch,,,,,
81,nasal,nasal,patch,,,,,
82,nasal,nasal,patch,,,,,
83,nasal,nasal,patch,,,,,
84,nasal,nasal,patch,,,,,
85,nasal,nasal,patch,,,,,
86,nasal,nasal,patch,,,,,
87,nasal,nasal,patch,,,,,
88,nasal,nasal,patch,,,,,
89,nasal,nasal,patch,,,,,
90,nasal,nasal,patch,,,,,
91,nasal,nasal,patch,,,,,
92,nasal,nasal,patch,,,,,
93,nasal,nasal,patch,,,,,
94,nasal,nasal,patch,,,,,
95,nasal,nasal,patch,,,,,
96,nasal,nasal,patch,,,,,
97,premax_d,premax_d,patch,,,,,
98,premax_d,premax_d,patch,,,,,
99,premax_d,premax_d,patch,,,,,
100,premax_d,premax_d,patch,,,,,
101,premax_d,premax_d,patch,,,,,
102,premax_d,premax_d,patch,,,,,
103,premax_d,premax_d,patch,,,,,
104,premax_d,premax_d,patch,,,,,
105,premax_d,premax_d,patch,,,,,
106,premax_d,premax_d,patch,,,,,
107,premax_d,premax_d,patch,,,,,
108,premax_d,premax_d,patch,,,,,
109,premax_d,premax_d,patch,,,,,
110,premax_d,premax_d,patch,,,,,
111,premax_d,premax_d,patch,,,,,
112,premax_d,premax_d,patch,,,,,
113,premax_d,premax_d,patch,,,,,
114,premax_d,premax_d,patch,,,,,
115,premax_d,premax_d,patch,,,,,
116,premax_d,premax_d,patch,,,,,
117,premax_d,premax_d,patch,,,,,
118,premax_d,premax_d,patch,,,,,
119,premax_d,premax_d,patch,,,,,
120,premax_d,premax_d,patch,,,,,
121,premax_d,premax_d,patch,,,,,
122,premax_d,premax_d,patch,,,,,
123,premax_d,premax_d,patch,,,,,
124,premax_d,premax_d,patch,,,,,
125,premax_d,premax_d,patch,,,,,
126,premax_d,premax_d,patch,,,,,
127,premax_d,premax_d,patch,,,,,
128,premax_d,premax_d,patch,,,,,
129,premax_d,premax_d,patch,,,,,
130,premax_d,premax_d,patch,,,,,
131,max_d,max_d,patch,,,,,
132,max_d,max_d,patch,,,,,
133,max_d,max_d,patch,,,,,
134,max_d,max_d,patch,,,,,
135,max_d,max_d,patch,,,,,
136,max_d,max_d,patch,,,,,
137,max_d,max_d,patch,,,,,
138,max_d,max_d,patch,,,,,
139,max_d,max_d,patch,,,,,
140,max_d,max_d,patch,,,,,
141,max_d,max_d,patch,,,,,
142,max_d,max_d,patch,,,,,
143,max_d,max_d,patch,,,,,
144,max_d,max_d,patch,,,,,
145,max_d,max_d,patch,,,,,
146,max_d,max_d,patch,,,,,
147,max_d,max_d,patch,,,,,
148,max_d,max_d,patch,,,,,
149,max_d,max_d,patch,,,,,
150,max_d,max_d,patch,,,,,
151,max_d,max_d,patch,,,,,
152,max_d,max_d,patch,,,,,
153,max_d,max_d,patch,,,,,
154,max_d,max_d,patch,,,,,
155,max_d,max_d,patch,,,,,
156,max_d,max_d,patch,,,,,
157,max_d,max_d,patch,,,,,
158,max_d,max_d,patch,,,,,
159,max_d,max_d,patch,,,,,
160,max_d,max_d,patch,,,,,
161,max_d,max_d,patch,,,,,
162,max_d,max_d,patch,,,,,
163,max_d,max_d,patch,,,,,
164,max_d,max_d,patch,,,,,
165,max_d,max_d,patch,,,,,
166,max_d,max_d,patch,,,,,
167,max_d,max_d,patch,,,,,
168,max_d,max_d,patch,,,,,
169,max_d,max_d,patch,,,,,
170,max_d,max_d,patch,,,,,
171,max_d,max_d,patch,,,,,
172,max_d,max_d,patch,,,,,
173,max_d,max_d,patch,,,,,
174,jugal,jugal,patch,,,,,
175,jugal,jugal,patch,,,,,
176,jugal,jugal,patch,,,,,
177,jugal,jugal,patch,,,,,
178,jugal,jugal,patch,,,,,
179,jugal,jugal,patch,,,,,
180,jugal,jugal,patch,,,,,
181,jugal,jugal,patch,,,,,
182,jugal,jugal,patch,,,,,
183,jugal,jugal,patch,,,,,
184,jugal,jugal,patch,,,,,
185,jugal,jugal,patch,,,,,
186,jugal,jugal,patch,,,,,
187,jugal,jugal,patch,,,,,
188,jugal,jugal,patch,,,,,
189,jugal,jugal,patch,,,,,
190,jugal,jugal,patch,,,,,
191,jugal,jugal,patch,,,,,
192,frontal,frontal,patch,,,,,
193,frontal,frontal,patch,,,,,
194,frontal,frontal,patch,,,,,
195,frontal,frontal,patch,,,,,
196,frontal,frontal,patch,,,,,
197,frontal,frontal,patch,,,,,
198,frontal,frontal,patch,,,,,
199,frontal,frontal,patch,,,,,
200,frontal,frontal,patch,,,,,
201,frontal,frontal,patch,,,,,
202,frontal,frontal,patch,,,,,
203,frontal,frontal,patch,,,,,
204,frontal,frontal,patch,,,,,
205,frontal,frontal,patch,,,,,
206,frontal,frontal,patch,,,,,
207,frontal,frontal,patch,,,,,
208,frontal,frontal,patch,,,,,
209,frontal,frontal,patch,,,,,
210,frontal,frontal,patch,,,,,
211,frontal,frontal,patch,,,,,
212,frontal,frontal,patch,,,,,
213,frontal,frontal,patch,,,,,
214,frontal,frontal,patch,,,,,
215,frontal,frontal,patch,,,,,
216,frontal,frontal,patch,,,,,
217,frontal,frontal,patch,,,,,
218,frontal,frontal,patch,,,,,
219,frontal,frontal,patch,,,,,
220,frontal,frontal,patch,,,,,
221,frontal,frontal,patch,,,,,
222,frontal,frontal,patch,,,,,
223,frontal,frontal,patch,,,,,
224,frontal,frontal,patch,,,,,
225,frontal,frontal,patch,,,,,
226,frontal,frontal,patch,,,,,
227,frontal,frontal,patch,,,,,
228,frontal,frontal,patch,,,,,
229,frontal,frontal,patch,,,,,
230,frontal,frontal,patch,,,,,
231,frontal,frontal,patch,,,,,
232,frontal,frontal,patch,,,,,
233,frontal,frontal,patch,,,,,
234,frontal,frontal,patch,,,,,
235,frontal,frontal,patch,,,,,
236,frontal,frontal,patch,,,,,
237,frontal,frontal,patch,,,,,
238,frontal,frontal,patch,,,,,
239,frontal,frontal,patch,,,,,
240,frontal,frontal,patch,,,,,
241,frontal,frontal,patch,,,,,
242,frontal,frontal,patch,,,,,
243,frontal,frontal,patch,,,,,
244,frontal,frontal,patch,,,,,
245,frontal,frontal,patch,,,,,
246,frontal,frontal,patch,,,,,
247,frontal,frontal,patch,,,,,
248,frontal,frontal,patch,,,,,
249,frontal,frontal,patch,,,,,
250,frontal,frontal,patch,,,,,
251,frontal,frontal,patch,,,,,
252,frontal,frontal,patch,,,,,
253,frontal,frontal,patch,,,,,
254,frontal,frontal,patch,,,,,
255,frontal,frontal,patch,,,,,
256,parietal,parietal,patch,,,,,
257,parietal,parietal,patch,,,,,
258,parietal,parietal,patch,,,,,
259,parietal,parietal,patch,,,,,
260,parietal,parietal,patch,,,,,
261,parietal,parietal,patch,,,,,
262,parietal,parietal,patch,,,,,
263,parietal,parietal,patch,,,,,
264,parietal,parietal,patch,,,,,
265,parietal,parietal,patch,,,,,
266,parietal,parietal,patch,,,,,
267,parietal,parietal,patch,,,,,
268,parietal,parietal,patch,,,,,
269,parietal,parietal,patch,,,,,
270,parietal,parietal,patch,,,,,
271,parietal,parietal,patch,,,,,
272,parietal,parietal,patch,,,,,
273,parietal,parietal,patch,,,,,
274,parietal,parietal,patch,,,,,
275,parietal,parietal,patch,,,,,
276,parietal,parietal,patch,,,,,
277,parietal,parietal,patch,,,,,
278,parietal,parietal,patch,,,,,
279,parietal,parietal,patch,,,,,
280,parietal,parietal,patch,,,,,
281,parietal,parietal,patch,,,,,
282,parietal,parietal,patch,,,,,
283,parietal,parietal,patch,,,,,
284,parietal,parietal,patch,,,,,
285,parietal,parietal,patch,,,,,
286,parietal,parietal,patch,,,,,
287,parietal,parietal,patch,,,,,
288,parietal,parietal,patch,,,,,
289,parietal,parietal,patch,,,,,
290,parietal,parietal,patch,,,,,
291,parietal,parietal,patch,,,,,
292,parietal,parietal,patch,,,,,
293,parietal,parietal,patch,,,,,
294,parietal,parietal,patch,,,,,
295,parietal,parietal,patch,,,,,
296,parietal,parietal,patch,,,,,
297,parietal,parietal,patch,,,,,
298,parietal,parietal,patch,,,,,
299,parietal,parietal,patch,,,,,
300,parietal,parietal,patch,,,,,
301,parietal,parietal,patch,,,,,
302,parietal,parietal,patch,,,,,
303,parietal,parietal,patch,,,,,
304,parietal,parietal,patch,,,,,
305,parietal,parietal,patch,,,,,
306,parietal,parietal,patch,,,,,
307,parietal,parietal,patch,,,,,
308,parietal,parietal,patch,,,,,
309,parietal,parietal,patch,,,,,
310,parietal,parietal,patch,,,,,
311,parietal,parietal,patch,,,,,
312,parietal,parietal,patch,,,,,
313,parietal,parietal,patch,,,,,
314,parietal,parietal,patch,,,,,
315,parietal,parietal,patch,,,,,
316,parietal,parietal,patch,,,,,
317,parietal,parietal,patch,,,,,
318,parietal,parietal,patch,,,,,
319,parietal,parietal,patch,,,,,
320,parietal,parietal,patch,,,,,
321,parietal,parietal,patch,,,,,
322,parietal,parietal,patch,,,,,
323,squamosal,squam_v,patch,,,,,
324,squamosal,squam_v,patch,,,,,
325,squamosal,squam_v,patch,,,,,
326,squamosal,squam_v,patch,,,,,
327,squamosal,squam_v,patch,,,,,
328,squamosal,squam_v,patch,,,,,
329,squamosal,squam_v,patch,,,,,
330,squamosal,squam_v,patch,,,,,
331,squamosal,squam_v,patch,,,,,
332,squamosal,squam_v,patch,,,,,
333,squamosal,squam_v,patch,,,,,
334,squamosal,squam_v,patch,,,,,
335,squamosal,squam_v,patch,,,,,
336,squamosal,squam_v,patch,,,,,
337,squamosal,squam_v,patch,,,,,
338,squamosal,squam_v,patch,,,,,
339,squamosal,squam_v,patch,,,,,
340,squamosal,squam_v,patch,,,,,
341,squamosal,squam_v,patch,,,,,
342,squamosal,squam_v,patch,,,,,
343,squamosal,squam_v,patch,,,,,
344,squamosal,squam_z,patch,,,,,
345,squamosal,squam_z,patch,,,,,
346,squamosal,squam_z,patch,,,,,
347,squamosal,squam_z,patch,,,,,
348,squamosal,squam_z,patch,,,,,
349,squamosal,squam_z,patch,,,,,
350,squamosal,squam_z,patch,,,,,
351,squamosal,squam_z,patch,,,,,
352,squamosal,squam_z,patch,,,,,
353,squamosal,squam_z,patch,,,,,
354,squamosal,squam_z,patch,,,,,
355,squamosal,squam_z,patch,,,,,
356,squamosal,squam_z,patch,,,,,
357,squamosal,squam_z,patch,,,,,
358,supraocc,supraocc,patch,,,,,
359,supraocc,supraocc,patch,,,,,
360,supraocc,supraocc,patch,,,,,
361,supraocc,supraocc,patch,,,,,
362,supraocc,supraocc,patch,,,,,
363,supraocc,supraocc,patch,,,,,
364,supraocc,supraocc,patch,,,,,
365,supraocc,supraocc,patch,,,,,
366,supraocc,supraocc,patch,,,,,
367,supraocc,supraocc,patch,,,,,
368,supraocc,supraocc,patch,,,,,
369,supraocc,supraocc,patch,,,,,
370,supraocc,supraocc,patch,,,,,
371,supraocc,supraocc,patch,,,,,
372,supraocc,supraocc,patch,,,,,
373,supraocc,supraocc,patch,,,,,
374,supraocc,supraocc,patch,,,,,
375,supraocc,supraocc,patch,,,,,
376,supraocc,supraocc,patch,,,,,
377,supraocc,supraocc,patch,,,,,
378,supraocc,supraocc,patch,,,,,
379,supraocc,supraocc,patch,,,,,
380,supraocc,supraocc,patch,,,,,
381,supraocc,supraocc,patch,,,,,
382,supraocc,supraocc,patch,,,,,
383,supraocc,supraocc,patch,,,,,
384,supraocc,supraocc,patch,,,,,
385,supraocc,supraocc,patch,,,,,
386,supraocc,supraocc,patch,,,,,
387,supraocc,supraocc,patch,,,,,
388,supraocc,supraocc,patch,,,,,
389,supraocc,supraocc,patch,,,,,
390,supraocc,supraocc,patch,,,,,
391,supraocc,supraocc,patch,,,,,
392,supraocc,supraocc,patch,,,,,
393,supraocc,supraocc,patch,,,,,
394,supraocc,supraocc,patch,,,,,
395,supraocc,supraocc,patch,,,,,
396,supraocc,supraocc,patch,,,,,
397,supraocc,supraocc,patch,,,,,
398,supraocc,supraocc,patch,,,,,
399,supraocc,supraocc,patch,,,,,
400,occ_cond,occ_cond,patch,,,,,
401,occ_cond,occ_cond,patch,,,,,
402,occ_cond,occ_cond,patch,,,,,
403,occ_cond,occ_cond,patch,,,,,
404,occ_cond,occ_cond,patch,,,,,
405,occ_cond,occ_cond,patch,,,,,
406,occ_cond,occ_cond,patch,,,,,
407,occ_cond,occ_cond,patch,,,,,
408,occ_cond,occ_cond,patch,,,,,
409,occ_cond,occ_cond,patch,,,,,
410,occ_cond,occ_cond,patch,,,,,
411,occ_cond,occ_cond,patch,,,,,
412,occ_cond,occ_cond,patch,,,,,
413,occ_cond,occ_cond,patch,,,,,
414,occ_cond,occ_cond,patch,,,,,
415,basiocc,basiocc,patch,,,,,
416,basiocc,basiocc,patch,,,,,
417,basiocc,basiocc,patch,,,,,
418,basiocc,basiocc,patch,,,,,
419,basiocc,basiocc,patch,,,,,
420,basiocc,basiocc,patch,,,,,
421,basiocc,basiocc,patch,,,,,
422,basiocc,basiocc,patch,,,,,
423,basiocc,basiocc,patch,,,,,
424,basiocc,basiocc,patch,,,,,
425,basiocc,basiocc,patch,,,,,
426,basiocc,basiocc,patch,,,,,
427,basiocc,basiocc,patch,,,,,
428,basiocc,basiocc,patch,,,,,
429,basiocc,basiocc,patch,,,,,
430,basiocc,basiocc,patch,,,,,
431,basiocc,basiocc,patch,,,,,
432,basiocc,basiocc,patch,,,,,
433,basiocc,basiocc,patch,,,,,
434,basiocc,basiocc,patch,,,,,
435,basiocc,basiocc,patch,,,,,
436,basiocc,basiocc,patch,,,,,
437,basiocc,basiocc,patch,,,,,
438,basiocc,basiocc,patch,,,,,
439,basiocc,basiocc,patch,,,,,
440,basiocc,basiocc,patch,,,,,
441,basiocc,basiocc,patch,,,,,
442,basiocc,basiocc,patch,,,,,
443,basisph,basisph,patch,,,,,
444,basisph,basisph,patch,,,,,
445,basisph,basisph,patch,,,,,
446,basisph,basisph,patch,,,,,
447,basisph,basisph,patch,,,,,
448,basisph,basisph,patch,,,,,
449,basisph,basisph,patch,,,,,
450,basisph,basisph,patch,,,,,
451,basisph,basisph,patch,,,,,
452,basisph,basisph,patch,,,,,
453,basisph,basisph,patch,,,,,
454,basisph,basisph,patch,,,,,
455,basisph,basisph,patch,,,,,
456,basisph,basisph,patch,,,,,
457,basisph,basisph,patch,,,,,
458,basisph,basisph,patch,,,,,
459,basisph,basisph,patch,,,,,
460,basisph,basisph,patch,,,,,
461,basisph,basisph,patch,,,,,
462,basisph,basisph,patch,,,,,
463,glenoid,glenoid,patch,,,,,
464,glenoid,glenoid,patch,,,,,
465,glenoid,glenoid,patch,,,,,
466,glenoid,glenoid,patch,,,,,
467,glenoid,glenoid,patch,,,,,
468,glenoid,glenoid,patch,,,,,
469,glenoid,glenoid,patch,,,,,
470,glenoid,glenoid,patch,,,,,
471,glenoid,glenoid,patch,,,,,
472,glenoid,glenoid,patch,,,,,
473,glenoid,glenoid,patch,,,,,
474,glenoid,glenoid,patch,,,,,
475,glenoid,glenoid,patch,,,,,
476,glenoid,glenoid,patch,,,,,
477,glenoid,glenoid,patch,,,,,
478,glenoid,glenoid,patch,,,,,
479,palatine,palatine,patch,,,,,
480,palatine,palatine,patch,,,,,
481,palatine,palatine,patch,,,,,
482,palatine,palatine,patch,,,,,
483,palatine,palatine,patch,,,,,
484,palatine,palatine,patch,,,,,
485,palatine,palatine,patch,,,,,
486,palatine,palatine,patch,,,,,
487,palatine,palatine,patch,,,,,
488,palatine,palatine,patch,,,,,
489,palatine,palatine,patch,,,,,
490,palatine,palatine,patch,,,,,
491,palatine,palatine,patch,,,,,
492,palatine,palatine,patch,,,,,
493,palatine,palatine,patch,,,,,
494,palatine,palatine,patch,,,,,
495,palatine,palatine,patch,,,,,
496,palatine,palatine,patch,,,,,
497,palatine,palatine,patch,,,,,
498,palatine,palatine,patch,,,,,
499,palatine,palatine,patch,,,,,
500,palatine,palatine,patch,,,,,
501,palatine,palatine,patch,,,,,
502,palatine,palatine,patch,,,,,
503,palatine,palatine,patch,,,,,
504,palatine,palatine,patch,,,,,
505,palatine,palatine,patch,,,,,
506,palatine,palatine,patch,,,,,
507,palatine,palatine,patch,,,,,
508,pterygoid,pterygoid,patch,,,,,
509,pterygoid,pterygoid,patch,,,,,
510,pterygoid,pterygoid,patch,,,,,
511,pterygoid,pterygoid,patch,,,,,
512,pterygoid,pterygoid,patch,,,,,
513,pterygoid,pterygoid,patch,,,,,
514,pterygoid,pterygoid,patch,,,,,
515,pterygoid,pterygoid,patch,,,,,
516,pterygoid,pterygoid,patch,,,,,
517,pterygoid,pterygoid,patch,,,,,
518,max_v,max_v,patch,,,,,
519,max_v,max_v,patch,,,,,
520,max_v,max_v,patch,,,,,
521,max_v,max_v,patch,,,,,
522,max_v,max_v,patch,,,,,
523,max_v,max_v,patch,,,,,
524,max_v,max_v,patch,,,,,
525,max_v,max_v,patch,,,,,
526,max_v,max_v,patch,,,,,
527,max_v,max_v,patch,,,,,
528,max_v,max_v,patch,,,,,
529,max_v,max_v,patch,,,,,
530,max_v,max_v,patch,,,,,
531,max_v,max_v,patch,,,,,
532,max_v,max_v,patch,,,,,
533,max_v,max_v,patch,,,,,
534,max_v,max_v,patch,,,,,
535,max_v,max_v,patch,,,,,
536,max_v,max_v,patch,,,,,
537,max_v,max_v,patch,,,,,
538,max_v,max_v,patch,,,,,
539,max_v,max_v,patch,,,,,
540,max_v,max_v,patch,,,,,
541,max_v,max_v,patch,,,,,
542,max_v,max_v,patch,,,,,
543,max_v,max_v,patch,,,,,
544,max_v,max_v,patch,,,,,
545,max_v,max_v,patch,,,,,
546,max_v,max_v,patch,,,,,
547,max_v,max_v,patch,,,,,
548,max_v,max_v,patch,,,,,
549,max_v,max_v,patch,,,,,
550,max_v,max_v,patch,,,,,
551,max_v,max_v,patch,,,,,
552,max_v,max_v,patch,,,,,
553,max_v,max_v,patch,,,,,
554,max_v,max_v,patch,,,,,
555,max_v,max_v,patch,,,,,
556,max_v,max_v,patch,,,,,
557,max_v,max_v,patch,,,,,
558,max_v,max_v,patch,,,,,
559,max_v,max_v,patch,,,,,
560,max_v,max_v,patch,,,,,
561,max_v,max_v,patch,,,,,
562,max_v,max_v,patch,,,,,
563,max_v,max_v,patch,,,,,
564,max_v,max_v,patch,,,,,
565,max_v,max_v,patch,,,,,
566,max_v,max_v,patch,,,,,
567,max_v,max_v,patch,,,,,
568,max_v,max_v,patch,,,,,
569,max_v,max_v,patch,,,,,
570,premax_v,premax_v,patch,,,,,
571,premax_v,premax_v,patch,,,,,
572,premax_v,premax_v,patch,,,,,
573,premax_v,premax_v,patch,,,,,
574,premax_v,premax_v,patch,,,,,
575,premax_v,premax_v,patch,,,,,
576,premax_v,premax_v,patch,,,,,
577,premax_v,premax_v,patch,,,,,
578,premax_v,premax_v,patch,,,,,
579,premax_v,premax_v,patch,,,,,
580,premax_v,premax_v,patch,,,,,
581,premax_v,premax_v,patch,,,,,
582,premax_v,premax_v,patch,,,,,
583,premax_v,premax_v,patch,,,,,
584,premax_v,premax_v,patch,,,,,
585,premax_v,premax_v,patch,,,,,
586,premax_v,premax_v,patch,,,,,
587,premax_v,premax_v,patch,,,,,
588,premax_v,premax_v,patch,,,,,
589,premax_v,premax_v,patch,,,,,
